,V1,alpha,beta,depth,ffg,hemi,n_tasks,ns,power,subject
0,0.3021040151379195,20.0,0.15,0.9,0.10164675624608482,lh,16.0,251.0,1.0,sub002
1,1.0,20.0,0.15,0.9,0.4798188548076972,rh,16.0,336.0,1.0,sub002
2,0.13926145993381153,20.0,0.15,0.9,0.16784174439321664,lh,16.0,173.0,1.0,sub003
3,0.4725776705935224,20.0,0.15,0.9,0.29928759968154317,rh,16.0,209.0,1.0,sub003
4,0.4060217918636884,20.0,0.15,0.9,0.22919580393726782,lh,16.0,378.0,1.0,sub004
5,1.0,20.0,0.15,0.9,0.6673389732652416,rh,16.0,380.0,1.0,sub004
6,0.9383620685113866,20.0,0.15,0.9,0.3008617182009215,lh,16.0,525.0,1.0,sub006
7,0.6234089736124755,20.0,0.15,0.9,0.4081078771592658,rh,16.0,337.0,1.0,sub006
8,0.8952193778197645,20.0,0.15,0.9,0.32722442363299215,lh,16.0,560.0,1.0,sub007
9,0.6061005356139884,20.0,0.15,0.9,1.0,rh,16.0,412.0,1.0,sub007
10,0.5563604547462819,20.0,0.15,0.9,0.19192572140374053,lh,16.0,302.0,1.0,sub008
11,0.47116488385180544,20.0,0.15,0.9,0.7190249436603035,rh,16.0,337.0,1.0,sub008
12,0.2994615099276054,20.0,0.15,0.9,0.1092288682498413,lh,16.0,72.0,1.0,sub009
13,0.7976155220321903,20.0,0.15,0.9,1.0,rh,16.0,186.0,1.0,sub009
14,0.3098386655171795,20.0,0.15,0.9,0.0739677776539243,lh,16.0,249.0,1.0,sub010
15,0.6427003781261698,20.0,0.15,0.9,0.4399293456143644,rh,16.0,332.0,1.0,sub010
16,0.6173251093705445,20.0,0.15,0.9,0.19372559634603795,lh,16.0,533.0,1.0,sub011
17,0.940590214153917,20.0,0.15,0.9,0.9023428673783966,rh,16.0,489.0,1.0,sub011
18,0.21350118651652902,20.0,0.15,0.9,0.11125874757261713,lh,16.0,303.0,1.0,sub012
19,0.5415265300570348,20.0,0.15,0.9,0.8307586363488766,rh,16.0,360.0,1.0,sub012
20,0.3289026070070313,20.0,0.15,0.9,0.2801674932610743,lh,16.0,295.0,1.0,sub013
21,0.8156205437221493,20.0,0.15,0.9,1.0,rh,16.0,414.0,1.0,sub013
22,0.43259454362366,20.0,0.15,0.9,0.2683928585797785,lh,16.0,520.0,1.0,sub014
23,0.6553096619137224,20.0,0.15,0.9,0.5832664675399433,rh,16.0,362.0,1.0,sub014
24,0.278009477202641,20.0,0.15,0.9,0.24320282735469914,lh,16.0,285.0,1.0,sub015
25,0.8759466771664451,20.0,0.15,0.9,1.0,rh,16.0,356.0,1.0,sub015
26,0.44682035161158035,20.0,0.15,0.9,0.2548323926289887,lh,16.0,407.0,1.0,sub017
27,1.0,20.0,0.15,0.9,0.3703704211849194,rh,16.0,455.0,1.0,sub017
28,0.798335201456072,20.0,0.15,0.9,0.48910778805834404,lh,16.0,449.0,1.0,sub018
29,0.9793332631744451,20.0,0.15,0.9,0.9711295978514002,rh,16.0,473.0,1.0,sub018
30,0.3926528254202785,20.0,0.15,0.9,0.15234030712629773,lh,16.0,375.0,1.0,sub019
31,0.7384026284276086,20.0,0.15,0.9,1.0,rh,16.0,498.0,1.0,sub019
32,0.7556173055231541,4.0,0.15,0.9,0.48914436637852193,lh,16.0,318.0,1.0,sub002
33,0.5524321652213429,4.0,0.15,0.9,0.29437739262615753,rh,16.0,205.0,1.0,sub002
34,0.5149532838831552,4.0,0.15,0.9,0.5183533473618355,lh,16.0,225.0,1.0,sub003
35,0.5588719195703451,4.0,0.15,0.9,0.47208252523751737,rh,16.0,282.0,1.0,sub003
36,0.564953850223966,4.0,0.15,0.9,0.31779263366574645,lh,16.0,146.0,1.0,sub004
37,0.44968703157163725,4.0,0.15,0.9,1.0,rh,16.0,136.0,1.0,sub004
38,0.585957740986307,4.0,0.15,0.9,0.5074155382685608,lh,16.0,212.0,1.0,sub006
39,0.3622950959159133,4.0,0.15,0.9,0.43756245195031657,rh,16.0,190.0,1.0,sub006
40,1.0,4.0,0.15,0.9,0.8866848403479143,lh,16.0,194.0,1.0,sub007
41,0.43795706152549835,4.0,0.15,0.9,1.0,rh,16.0,238.0,1.0,sub007
42,0.7054411194518853,4.0,0.15,0.9,0.4228555402346587,lh,16.0,265.0,1.0,sub008
43,0.46720799037257177,4.0,0.15,0.9,0.9779207440565509,rh,16.0,410.0,1.0,sub008
44,0.32702375706505465,4.0,0.15,0.9,0.35366801284148575,lh,16.0,89.0,1.0,sub009
45,0.4778955348579584,4.0,0.15,0.9,1.0,rh,16.0,210.0,1.0,sub009
46,0.5621644902810601,4.0,0.15,0.9,0.3958849289345514,lh,16.0,334.0,1.0,sub010
47,0.5923613516214229,4.0,0.15,0.9,0.9321524575538892,rh,16.0,324.0,1.0,sub010
48,0.6078775501938469,4.0,0.15,0.9,0.5061875304698003,lh,16.0,245.0,1.0,sub011
49,0.10753134545361288,4.0,0.15,0.9,0.24555841562772449,rh,16.0,14.0,1.0,sub011
50,0.7269415077758967,4.0,0.15,0.9,0.6522045155622526,lh,16.0,480.0,1.0,sub012
51,0.7308718256322816,4.0,0.15,0.9,0.6190499435871659,rh,16.0,387.0,1.0,sub012
52,1.0,4.0,0.15,0.9,0.6061109176716297,lh,16.0,309.0,1.0,sub013
53,0.5031210738848789,4.0,0.15,0.9,1.0,rh,16.0,239.0,1.0,sub013
54,0.6877097167431272,4.0,0.15,0.9,0.6632712794673126,lh,16.0,341.0,1.0,sub014
55,0.5541670368379547,4.0,0.15,0.9,0.8374795355083992,rh,16.0,313.0,1.0,sub014
56,1.0,4.0,0.15,0.9,0.6144676477209658,lh,16.0,350.0,1.0,sub015
57,0.7069655485577025,4.0,0.15,0.9,1.0,rh,16.0,216.0,1.0,sub015
58,0.7554257795013373,4.0,0.15,0.9,0.609018066062334,lh,16.0,256.0,1.0,sub017
59,0.7236818055727869,4.0,0.15,0.9,0.5931036084930381,rh,16.0,321.0,1.0,sub017
60,0.4330637881667003,4.0,0.15,0.9,0.6764554320500552,lh,16.0,173.0,1.0,sub018
61,0.38259244855076624,4.0,0.15,0.9,1.0,rh,16.0,214.0,1.0,sub018
62,0.8008536999751363,4.0,0.15,0.9,0.32702123156178875,lh,16.0,404.0,1.0,sub019
63,0.40434917848068486,4.0,0.15,0.9,0.5777595038002791,rh,16.0,348.0,1.0,sub019
64,0.6898840216396501,5.0,0.15,0.9,0.397169416271606,lh,16.0,326.0,1.0,sub002
65,0.48043617891551527,5.0,0.15,0.9,0.2350374709058825,rh,16.0,178.0,1.0,sub002
66,0.5548194238793908,5.0,0.15,0.9,0.5271803513114025,lh,16.0,246.0,1.0,sub003
67,0.4928489177647296,5.0,0.15,0.9,0.37785842890673044,rh,16.0,255.0,1.0,sub003
68,0.5011350066726635,5.0,0.15,0.9,0.31742278184649964,lh,16.0,169.0,1.0,sub004
69,0.4206806121412298,5.0,0.15,0.9,1.0,rh,16.0,156.0,1.0,sub004
70,0.6024312682838452,5.0,0.15,0.9,0.4254087983750576,lh,16.0,210.0,1.0,sub006
71,0.36650515023607744,5.0,0.15,0.9,0.3865763765526012,rh,16.0,216.0,1.0,sub006
72,1.0,5.0,0.15,0.9,0.7863015935447067,lh,16.0,215.0,1.0,sub007
73,0.6188882731712418,5.0,0.15,0.9,1.0,rh,16.0,334.0,1.0,sub007
74,0.5795163277582954,5.0,0.15,0.9,0.3687439160910859,lh,16.0,230.0,1.0,sub008
75,0.4638552565422566,5.0,0.15,0.9,0.7972576795101453,rh,16.0,382.0,1.0,sub008
76,0.33049205846650415,5.0,0.15,0.9,0.32918018626983675,lh,16.0,96.0,1.0,sub009
77,0.5184504435444696,5.0,0.15,0.9,0.95098185144317,rh,16.0,231.0,1.0,sub009
78,0.4797456233410158,5.0,0.15,0.9,0.37142058466635886,lh,16.0,341.0,1.0,sub010
79,0.5333721180069796,5.0,0.15,0.9,0.8773402479603797,rh,16.0,296.0,1.0,sub010
80,0.5787085945009506,5.0,0.15,0.9,0.4194076902577926,lh,16.0,239.0,1.0,sub011
81,0.13204223184642952,5.0,0.15,0.9,0.2898481672768777,rh,16.0,34.0,1.0,sub011
82,0.6381550101322524,5.0,0.15,0.9,0.5681155946372644,lh,16.0,439.0,1.0,sub012
83,0.7522985989147543,5.0,0.15,0.9,0.5322404637472187,rh,16.0,374.0,1.0,sub012
84,0.9116421509818302,5.0,0.15,0.9,0.4589831894555222,lh,16.0,311.0,1.0,sub013
85,0.6330954044091182,5.0,0.15,0.9,1.0,rh,16.0,296.0,1.0,sub013
86,0.6280305144350871,5.0,0.15,0.9,0.6345221664944131,lh,16.0,347.0,1.0,sub014
87,0.4907510776962581,5.0,0.15,0.9,0.7036983421203636,rh,16.0,279.0,1.0,sub014
88,1.0,5.0,0.15,0.9,0.6265311652900684,lh,16.0,385.0,1.0,sub015
89,0.7546396943293145,5.0,0.15,0.9,1.0,rh,16.0,236.0,1.0,sub015
90,0.7296955294827886,5.0,0.15,0.9,0.5261874953905281,lh,16.0,224.0,1.0,sub017
91,0.5393325512048766,5.0,0.15,0.9,0.6141157506872037,rh,16.0,358.0,1.0,sub017
92,0.45952512407809587,5.0,0.15,0.9,0.6940906347809482,lh,16.0,185.0,1.0,sub018
93,0.48510760958640187,5.0,0.15,0.9,0.9491536476635488,rh,16.0,262.0,1.0,sub018
94,0.8106878611901546,5.0,0.15,0.9,0.3192678764788487,lh,16.0,437.0,1.0,sub019
95,0.3929348723556779,5.0,0.15,0.9,0.56189967027872,rh,16.0,351.0,1.0,sub019
96,0.5426086708738662,10.0,0.1,0.9,0.29101087712722135,lh,16.0,307.0,1.0,sub002
97,0.3987553064844796,10.0,0.1,0.9,0.2393876863805506,rh,16.0,142.0,1.0,sub002
98,0.5746764417940002,10.0,0.1,0.9,0.5475098035703712,lh,16.0,276.0,1.0,sub003
99,0.3766420706194134,10.0,0.1,0.9,0.29862157335016326,rh,16.0,185.0,1.0,sub003
100,0.4198249732699044,10.0,0.1,0.9,0.3419978624188802,lh,16.0,207.0,1.0,sub004
101,0.4849171472082169,10.0,0.1,0.9,1.0,rh,16.0,287.0,1.0,sub004
102,0.5815513562475835,10.0,0.1,0.9,0.37339889817759847,lh,16.0,189.0,1.0,sub006
103,0.41509930357472674,10.0,0.1,0.9,0.38001744253154285,rh,16.0,238.0,1.0,sub006
104,1.0,10.0,0.1,0.9,0.6543838664712043,lh,16.0,263.0,1.0,sub007
105,0.6685098523034078,10.0,0.1,0.9,0.7317342060789231,rh,16.0,297.0,1.0,sub007
106,0.434467451495679,10.0,0.1,0.9,0.2938345132532848,lh,16.0,171.0,1.0,sub008
107,0.48569152815089994,10.0,0.1,0.9,0.594103052927016,rh,16.0,343.0,1.0,sub008
108,0.31726131650265876,10.0,0.1,0.9,0.27549929927549954,lh,16.0,100.0,1.0,sub009
109,0.47793531074281836,10.0,0.1,0.9,0.6937727051894064,rh,16.0,175.0,1.0,sub009
110,0.4359373642148645,10.0,0.1,0.9,0.32669695252451225,lh,16.0,326.0,1.0,sub010
111,0.45187464914087716,10.0,0.1,0.9,0.8321717502326232,rh,16.0,235.0,1.0,sub010
112,0.3822127044481153,10.0,0.1,0.9,0.37454145724295645,lh,16.0,215.0,1.0,sub011
113,0.3564623415918095,10.0,0.1,0.9,0.5539073785443014,rh,16.0,162.0,1.0,sub011
114,0.42883522713472394,10.0,0.1,0.9,0.45433347410481667,lh,16.0,350.0,1.0,sub012
115,0.6007175044616059,10.0,0.1,0.9,0.4692605685407719,rh,16.0,328.0,1.0,sub012
116,0.6633290745622195,10.0,0.1,0.9,0.2916330560337498,lh,16.0,263.0,1.0,sub013
117,0.7378101080994995,10.0,0.1,0.9,0.7813583926922383,rh,16.0,308.0,1.0,sub013
118,0.5615041096767477,10.0,0.1,0.9,0.5700108173092931,lh,16.0,329.0,1.0,sub014
119,0.44318030070540826,10.0,0.1,0.9,0.34373564010049634,rh,16.0,206.0,1.0,sub014
120,1.0,10.0,0.1,0.9,0.6303510720434675,lh,16.0,422.0,1.0,sub015
121,0.7092385879461807,10.0,0.1,0.9,0.8771761104303235,rh,16.0,243.0,1.0,sub015
122,0.7751540103078319,10.0,0.1,0.9,0.4180250811381055,lh,16.0,176.0,1.0,sub017
123,0.9649316608793627,10.0,0.1,0.9,0.6508167123989821,rh,16.0,592.0,1.0,sub017
124,0.5519750011199763,10.0,0.1,0.9,0.8482361022124019,lh,16.0,229.0,1.0,sub018
125,0.8150034815097972,10.0,0.1,0.9,1.0,rh,16.0,361.0,1.0,sub018
126,0.8242863482894388,10.0,0.1,0.9,0.30208482843255424,lh,16.0,448.0,1.0,sub019
127,0.42861471828248304,10.0,0.1,0.9,0.539422577677038,rh,16.0,345.0,1.0,sub019
128,0.6384781963333326,7.0,0.15,0.9,0.33774277575414047,lh,16.0,331.0,1.0,sub002
129,0.42940059742856435,7.0,0.15,0.9,0.22633583441455216,rh,16.0,154.0,1.0,sub002
130,0.5817272931252175,7.0,0.15,0.9,0.5438435951234388,lh,16.0,260.0,1.0,sub003
131,0.42405077473274194,7.0,0.15,0.9,0.3204488064179601,rh,16.0,215.0,1.0,sub003
132,0.46799434157673586,7.0,0.15,0.9,0.3423335811878806,lh,16.0,200.0,1.0,sub004
133,0.4103243281854663,7.0,0.15,0.9,1.0,rh,16.0,201.0,1.0,sub004
134,0.6253464110372611,7.0,0.15,0.9,0.39782736963275217,lh,16.0,203.0,1.0,sub006
135,0.3931619106348679,7.0,0.15,0.9,0.39421554209644655,rh,16.0,232.0,1.0,sub006
136,1.0,7.0,0.15,0.9,0.6018039058334487,lh,16.0,235.0,1.0,sub007
137,0.6360403179179502,7.0,0.15,0.9,0.8087423365976192,rh,16.0,323.0,1.0,sub007
138,0.506922658354928,7.0,0.15,0.9,0.34187199302289834,lh,16.0,203.0,1.0,sub008
139,0.48445126441014913,7.0,0.15,0.9,0.6818972038139606,rh,16.0,382.0,1.0,sub008
140,0.3182611804977101,7.0,0.15,0.9,0.3075047919406032,lh,16.0,101.0,1.0,sub009
141,0.46154583816805156,7.0,0.15,0.9,0.7871427965130358,rh,16.0,202.0,1.0,sub009
142,0.47176793011360546,7.0,0.15,0.9,0.3476667269633225,lh,16.0,340.0,1.0,sub010
143,0.4652892451041714,7.0,0.15,0.9,0.8062171500551985,rh,16.0,250.0,1.0,sub010
144,0.4543730865002915,7.0,0.15,0.9,0.40838014726512173,lh,16.0,231.0,1.0,sub011
145,0.2308720269204493,7.0,0.15,0.9,0.4839470890836807,rh,16.0,94.0,1.0,sub011
146,0.5353669032462257,7.0,0.15,0.9,0.5267073028074589,lh,16.0,410.0,1.0,sub012
147,0.7316524173607191,7.0,0.15,0.9,0.5067224466140958,rh,16.0,363.0,1.0,sub012
148,0.7907518862158452,7.0,0.15,0.9,0.40245172541011737,lh,16.0,298.0,1.0,sub013
149,0.7617746356839636,7.0,0.15,0.9,0.9730123192889378,rh,16.0,342.0,1.0,sub013
150,0.5907803490276847,7.0,0.15,0.9,0.6195307570693672,lh,16.0,347.0,1.0,sub014
151,0.4427176117045733,7.0,0.15,0.9,0.487572348514739,rh,16.0,245.0,1.0,sub014
152,1.0,7.0,0.15,0.9,0.6389531591927268,lh,16.0,417.0,1.0,sub015
153,0.7630958652230962,7.0,0.15,0.9,0.9993333168622638,rh,16.0,261.0,1.0,sub015
154,0.7542292485048188,7.0,0.15,0.9,0.48506113383425375,lh,16.0,204.0,1.0,sub017
155,0.6532006024822328,7.0,0.15,0.9,0.5832180741043241,rh,16.0,415.0,1.0,sub017
156,0.511708485452863,7.0,0.15,0.9,0.7674412641329508,lh,16.0,201.0,1.0,sub018
157,0.5363764873105783,7.0,0.15,0.9,0.8111622667938984,rh,16.0,251.0,1.0,sub018
158,0.8229922283994098,7.0,0.15,0.9,0.30541682126385494,lh,16.0,449.0,1.0,sub019
159,0.40190569716529073,7.0,0.15,0.9,0.5465679985726013,rh,16.0,361.0,1.0,sub019
160,0.758476596415414,2.0,0.15,0.9,0.6805412177332537,lh,16.0,141.0,1.0,sub002
161,0.7168783621268296,2.0,0.15,0.9,0.6540875186218591,rh,16.0,153.0,1.0,sub002
162,0.5130233379919824,2.0,0.15,0.9,0.413871994923646,lh,16.0,100.0,1.0,sub003
163,0.5425916004640616,2.0,0.15,0.9,0.7032028521027158,rh,16.0,134.0,1.0,sub003
164,0.6615072428921123,2.0,0.15,0.9,0.3592146985960479,lh,16.0,63.0,1.0,sub004
165,0.14111597426503608,2.0,0.15,0.9,1.0,rh,16.0,37.0,1.0,sub004
166,0.6906727692223403,2.0,0.15,0.9,1.0,lh,16.0,148.0,1.0,sub006
167,0.27964886047996074,2.0,0.15,0.9,0.556339029892404,rh,16.0,60.0,1.0,sub006
168,1.0,2.0,0.15,0.9,0.9000072213573199,lh,16.0,90.0,1.0,sub007
169,0.23613698967828253,2.0,0.15,0.9,1.0,rh,16.0,59.0,1.0,sub007
170,0.8788627489773816,2.0,0.15,0.9,0.5440830114026417,lh,16.0,159.0,1.0,sub008
171,0.3186721549126459,2.0,0.15,0.9,1.0,rh,16.0,89.0,1.0,sub008
172,0.28210439552317684,2.0,0.15,0.9,0.6603866631053622,lh,16.0,66.0,1.0,sub009
173,0.2725022013192166,2.0,0.15,0.9,1.0,rh,16.0,63.0,1.0,sub009
174,0.7933815697149946,2.0,0.15,0.9,0.3082853139754579,lh,16.0,126.0,1.0,sub010
175,0.5533634083076986,2.0,0.15,0.9,0.9583321658171697,rh,16.0,152.0,1.0,sub010
176,1.0,2.0,0.15,0.9,0.7679918346341029,lh,16.0,87.0,1.0,sub011
177,0.10084882051729054,2.0,0.15,0.9,0.46159645274296623,rh,16.0,12.0,1.0,sub011
178,0.6189238641756761,2.0,0.15,0.9,0.4175443936103833,lh,16.0,129.0,1.0,sub012
179,0.3890277245318887,2.0,0.15,0.9,0.816087362785432,rh,16.0,115.0,1.0,sub012
180,0.8503771956190992,2.0,0.15,0.9,0.6805966662894909,lh,16.0,181.0,1.0,sub013
181,0.20208969278815578,2.0,0.15,0.9,1.0,rh,16.0,46.0,1.0,sub013
182,0.9568682298037372,2.0,0.15,0.9,0.7590111227282875,lh,16.0,227.0,1.0,sub014
183,0.46566683351468646,2.0,0.15,0.9,1.0,rh,16.0,153.0,1.0,sub014
184,1.0,2.0,0.15,0.9,0.5454431648618449,lh,16.0,174.0,1.0,sub015
185,0.5024467254280589,2.0,0.15,0.9,1.0,rh,16.0,72.0,1.0,sub015
186,1.0,2.0,0.15,0.9,0.644940571153747,lh,16.0,159.0,1.0,sub017
187,0.42354867818952685,2.0,0.15,0.9,0.4969614053431985,rh,16.0,68.0,1.0,sub017
188,0.6006246092337104,2.0,0.15,0.9,0.5383094344480263,lh,16.0,86.0,1.0,sub018
189,0.16080762441746804,2.0,0.15,0.9,1.0,rh,16.0,39.0,1.0,sub018
190,1.0,2.0,0.15,0.9,0.17072652131418328,lh,16.0,73.0,1.0,sub019
191,0.41004333434070495,2.0,0.15,0.9,0.7230243754285033,rh,16.0,175.0,1.0,sub019
192,0.7811072642120083,3.0,0.15,0.9,0.6008829729576207,lh,16.0,249.0,1.0,sub002
193,0.6716439149127218,3.0,0.15,0.9,0.4513896304158468,rh,16.0,252.0,1.0,sub002
194,0.5412425803079579,3.0,0.15,0.9,0.5093639119644728,lh,16.0,197.0,1.0,sub003
195,0.586492418463513,3.0,0.15,0.9,0.5545201131510982,rh,16.0,256.0,1.0,sub003
196,0.6606397670017211,3.0,0.15,0.9,0.3223878791492181,lh,16.0,121.0,1.0,sub004
197,0.3185334421454426,3.0,0.15,0.9,1.0,rh,16.0,91.0,1.0,sub004
198,0.6696701406112036,3.0,0.15,0.9,0.7688635409814626,lh,16.0,225.0,1.0,sub006
199,0.37266483896209424,3.0,0.15,0.9,0.560519383329522,rh,16.0,182.0,1.0,sub006
200,1.0,3.0,0.15,0.9,0.8964902165599544,lh,16.0,150.0,1.0,sub007
201,0.2920001854304929,3.0,0.15,0.9,1.0,rh,16.0,149.0,1.0,sub007
202,0.8759592658058893,3.0,0.15,0.9,0.4630425459719429,lh,16.0,254.0,1.0,sub008
203,0.39402157367135,3.0,0.15,0.9,1.0,rh,16.0,288.0,1.0,sub008
204,0.28655338428875615,3.0,0.15,0.9,0.42042190538982843,lh,16.0,77.0,1.0,sub009
205,0.3714628447943703,3.0,0.15,0.9,1.0,rh,16.0,144.0,1.0,sub009
206,0.8036442354505171,3.0,0.15,0.9,0.42034792318376185,lh,16.0,299.0,1.0,sub010
207,0.6071038989682737,3.0,0.15,0.9,0.90321295235935,rh,16.0,288.0,1.0,sub010
208,0.7294653744661656,3.0,0.15,0.9,0.7335129855984605,lh,16.0,243.0,1.0,sub011
209,0.09679850928681293,3.0,0.15,0.9,0.23622187556168253,rh,16.0,11.0,1.0,sub011
210,0.7516172572796079,3.0,0.15,0.9,0.7150400087740755,lh,16.0,432.0,1.0,sub012
211,0.5412035970891301,3.0,0.15,0.9,0.6741092430952752,rh,16.0,256.0,1.0,sub012
212,1.0,3.0,0.15,0.9,0.7867996942962099,lh,16.0,281.0,1.0,sub013
213,0.33336983332857834,3.0,0.15,0.9,1.0,rh,16.0,145.0,1.0,sub013
214,0.8073404672649053,3.0,0.15,0.9,0.7300831752955272,lh,16.0,323.0,1.0,sub014
215,0.5759685597700186,3.0,0.15,0.9,1.0,rh,16.0,312.0,1.0,sub014
216,1.0,3.0,0.15,0.9,0.5824945377598642,lh,16.0,282.0,1.0,sub015
217,0.6047321839773442,3.0,0.15,0.9,1.0,rh,16.0,168.0,1.0,sub015
218,1.0,3.0,0.15,0.9,0.7532120343294026,lh,16.0,283.0,1.0,sub017
219,0.611898551418504,3.0,0.15,0.9,0.5517511963200542,rh,16.0,203.0,1.0,sub017
220,0.5329576931175488,3.0,0.15,0.9,0.6475512143351646,lh,16.0,144.0,1.0,sub018
221,0.24030353345872343,3.0,0.15,0.9,1.0,rh,16.0,130.0,1.0,sub018
222,1.0,3.0,0.15,0.9,0.3257425035725624,lh,16.0,341.0,1.0,sub019
223,0.4785489419626736,3.0,0.15,0.9,0.6012249086080177,rh,16.0,355.0,1.0,sub019
224,0.9206528586846369,1.0,0.15,0.9,1.0,lh,16.0,78.0,1.0,sub002
225,0.3888998489650385,1.0,0.15,0.9,0.5698016137180978,rh,16.0,56.0,1.0,sub002
226,0.44986934116178595,1.0,0.15,0.9,0.42997153676710137,lh,16.0,43.0,1.0,sub003
227,0.1533207819737301,1.0,0.15,0.9,0.2702174949020818,rh,16.0,29.0,1.0,sub003
228,0.22686451656920747,1.0,0.15,0.9,0.32180623304119477,lh,16.0,19.0,1.0,sub004
229,0.1405751322295753,1.0,0.15,0.9,1.0,rh,16.0,25.0,1.0,sub004
230,1.0,1.0,0.15,0.9,0.5400438387436979,lh,16.0,81.0,1.0,sub006
231,0.1295063284338532,1.0,0.15,0.9,0.5613618574222513,rh,16.0,22.0,1.0,sub006
232,1.0,1.0,0.15,0.9,0.3931504746729981,lh,16.0,19.0,1.0,sub007
233,0.08222482619707039,1.0,0.15,0.9,1.0,rh,16.0,10.0,1.0,sub007
234,0.6756340408374408,1.0,0.15,0.9,0.37285900698313823,lh,16.0,30.0,1.0,sub008
235,0.16980710320018888,1.0,0.15,0.9,1.0,rh,16.0,30.0,1.0,sub008
236,0.13179114558797192,1.0,0.15,0.9,1.0,lh,16.0,21.0,1.0,sub009
237,0.1777926244837854,1.0,0.15,0.9,1.0,rh,16.0,33.0,1.0,sub009
238,1.0,1.0,0.15,0.9,0.5225033015862838,lh,16.0,53.0,1.0,sub010
239,0.17690773004849952,1.0,0.15,0.9,0.4810570546994287,rh,16.0,25.0,1.0,sub010
240,1.0,1.0,0.15,0.9,0.8989800704784893,lh,16.0,32.0,1.0,sub011
241,0.10456507678330543,1.0,0.15,0.9,1.0,rh,16.0,14.0,1.0,sub011
242,0.28476811653223677,1.0,0.15,0.9,0.21141095900340717,lh,16.0,27.0,1.0,sub012
243,0.2346889975723856,1.0,0.15,0.9,0.7652606146081614,rh,16.0,38.0,1.0,sub012
244,0.5464761672868568,1.0,0.15,0.9,0.8104969609576401,lh,16.0,48.0,1.0,sub013
245,0.09892219119632831,1.0,0.15,0.9,1.0,rh,16.0,14.0,1.0,sub013
246,0.7853838053486658,1.0,0.15,0.9,1.0,lh,16.0,64.0,1.0,sub014
247,0.1866307763672637,1.0,0.15,0.9,1.0,rh,16.0,29.0,1.0,sub014
248,0.574632090388462,1.0,0.15,0.9,1.0,lh,16.0,57.0,1.0,sub015
249,0.37834908040130466,1.0,0.15,0.9,1.0,rh,16.0,40.0,1.0,sub015
250,0.6220210091892069,1.0,0.15,0.9,1.0,lh,16.0,48.0,1.0,sub017
251,0.22616158030617842,1.0,0.15,0.9,0.5003679536633404,rh,16.0,49.0,1.0,sub017
252,0.24165988992523824,1.0,0.15,0.9,1.0,lh,16.0,11.0,1.0,sub018
253,0.09846703591815299,1.0,0.15,0.9,1.0,rh,16.0,20.0,1.0,sub018
254,1.0,1.0,0.15,0.9,0.2582502459725114,lh,16.0,23.0,1.0,sub019
255,0.2577003868680224,1.0,0.15,0.9,1.0,rh,16.0,39.0,1.0,sub019
256,0.09080834657572731,0.0,0.15,0.9,0.825150536273166,lh,16.0,21.0,1.0,sub002
257,0.0481628147633534,0.0,0.15,0.9,0.372922151861842,rh,16.0,14.0,1.0,sub002
258,0.004981288475239109,0.0,0.15,0.9,0.031549035329338136,lh,16.0,1.0,1.0,sub003
259,0.02585944070154082,0.0,0.15,0.9,0.07279596849443595,rh,16.0,6.0,1.0,sub003
260,0.04402636948965593,0.0,0.15,0.9,0.16099655883580924,lh,16.0,7.0,1.0,sub004
261,0.2749623298774113,0.0,0.15,0.9,0.3935575202296371,rh,16.0,10.0,1.0,sub004
262,0.8204641754236824,0.0,0.15,0.9,1.0,lh,16.0,15.0,1.0,sub006
263,0.011108681418349775,0.0,0.15,0.9,0.5522308896295528,rh,16.0,19.0,1.0,sub006
264,0.04606058935783746,0.0,0.15,0.9,0.20003705772769895,lh,16.0,7.0,1.0,sub007
265,1.0,0.0,0.15,0.9,0.46850418307721203,rh,16.0,12.0,1.0,sub007
266,0.20058241819718017,0.0,0.15,0.9,0.3471155210438429,lh,16.0,12.0,1.0,sub008
267,0.10203031000577144,0.0,0.15,0.9,0.7365378205122406,rh,16.0,20.0,1.0,sub008
268,0.8556805250405984,0.0,0.15,0.9,0.5961484565420873,lh,16.0,19.0,1.0,sub009
269,0.25797023022281745,0.0,0.15,0.9,1.0,rh,16.0,5.0,1.0,sub009
270,0.17588942829106566,0.0,0.15,0.9,0.09913561869525843,lh,16.0,8.0,1.0,sub010
271,0.13209343107473667,0.0,0.15,0.9,0.024548353085238478,rh,16.0,7.0,1.0,sub010
272,0.6893708604182583,0.0,0.15,0.9,1.0,lh,16.0,13.0,1.0,sub011
273,0.0,0.0,0.15,0.9,0.25639481223027316,rh,16.0,2.0,1.0,sub011
274,0.01838900370835057,0.0,0.15,0.9,0.24752940259330686,lh,16.0,14.0,1.0,sub012
275,0.02480494569253523,0.0,0.15,0.9,0.2512568811895653,rh,16.0,17.0,1.0,sub012
276,0.0,0.0,0.15,0.9,0.12786890365258163,lh,16.0,5.0,1.0,sub013
277,0.42598784530382605,0.0,0.15,0.9,0.9756016464480185,rh,16.0,28.0,1.0,sub013
278,0.19599096257160287,0.0,0.15,0.9,0.35313123220263765,lh,16.0,8.0,1.0,sub014
279,0.15426478453792683,0.0,0.15,0.9,1.0,rh,16.0,12.0,1.0,sub014
280,0.06616546406114314,0.0,0.15,0.9,0.2195036190140042,lh,16.0,14.0,1.0,sub015
281,0.014486993918752645,0.0,0.15,0.9,0.19060209347765145,rh,16.0,18.0,1.0,sub015
282,0.881067264157756,0.0,0.15,0.9,0.39076075579856473,lh,16.0,20.0,1.0,sub017
283,0.2705016454407367,0.0,0.15,0.9,0.45121831323929107,rh,16.0,19.0,1.0,sub017
284,1.0,0.0,0.15,0.9,0.0,lh,16.0,17.0,1.0,sub018
285,0.2450122545066002,0.0,0.15,0.9,1.0,rh,16.0,18.0,1.0,sub018
286,1.0,0.0,0.15,0.9,0.23076884959347982,lh,16.0,10.0,1.0,sub019
287,0.020972621338937056,0.0,0.15,0.9,0.6356981886957606,rh,16.0,8.0,1.0,sub019
288,0.2991941719219169,20.0,0.2,0.9,0.1022677273916638,lh,16.0,249.0,1.0,sub002
289,1.0,20.0,0.2,0.9,0.4808165069982734,rh,16.0,337.0,1.0,sub002
290,0.13831335403266798,20.0,0.2,0.9,0.16831267038191194,lh,16.0,172.0,1.0,sub003
291,0.47007802686199174,20.0,0.2,0.9,0.29933249328822725,rh,16.0,209.0,1.0,sub003
292,0.39761119305412596,20.0,0.2,0.9,0.22782220413312781,lh,16.0,377.0,1.0,sub004
293,1.0,20.0,0.2,0.9,0.6706815747701805,rh,16.0,386.0,1.0,sub004
294,0.9426213569431934,20.0,0.2,0.9,0.29987254920603096,lh,16.0,523.0,1.0,sub006
295,0.6222437574299199,20.0,0.2,0.9,0.40749611410965136,rh,16.0,335.0,1.0,sub006
296,0.8764963372944092,20.0,0.2,0.9,0.3235882653465361,lh,16.0,549.0,1.0,sub007
297,0.6053886541298571,20.0,0.2,0.9,1.0,rh,16.0,411.0,1.0,sub007
298,0.5520471868541386,20.0,0.2,0.9,0.19115852185427218,lh,16.0,303.0,1.0,sub008
299,0.47084199658201425,20.0,0.2,0.9,0.7197751501361502,rh,16.0,336.0,1.0,sub008
300,0.2979692574140764,20.0,0.2,0.9,0.10915271135129884,lh,16.0,72.0,1.0,sub009
301,0.7970035751384865,20.0,0.2,0.9,1.0,rh,16.0,190.0,1.0,sub009
302,0.30718113542478703,20.0,0.2,0.9,0.07375464936540159,lh,16.0,249.0,1.0,sub010
303,0.6457406643199003,20.0,0.2,0.9,0.4435506265680752,rh,16.0,332.0,1.0,sub010
304,0.6093604507016349,20.0,0.2,0.9,0.19383660206056808,lh,16.0,533.0,1.0,sub011
305,0.9442094801408158,20.0,0.2,0.9,0.9034113709850907,rh,16.0,490.0,1.0,sub011
306,0.21024006552439511,20.0,0.2,0.9,0.11160435481997096,lh,16.0,300.0,1.0,sub012
307,0.5418715870604512,20.0,0.2,0.9,0.832397831365535,rh,16.0,364.0,1.0,sub012
308,0.326289647321537,20.0,0.2,0.9,0.2833341807271059,lh,16.0,294.0,1.0,sub013
309,0.8128738408415236,20.0,0.2,0.9,1.0,rh,16.0,411.0,1.0,sub013
310,0.4271796570307029,20.0,0.2,0.9,0.26640411334124126,lh,16.0,518.0,1.0,sub014
311,0.6545005220158083,20.0,0.2,0.9,0.5844005984268764,rh,16.0,363.0,1.0,sub014
312,0.2785623685927042,20.0,0.2,0.9,0.2416033671958071,lh,16.0,290.0,1.0,sub015
313,0.870551613402411,20.0,0.2,0.9,1.0,rh,16.0,357.0,1.0,sub015
314,0.44242546644279773,20.0,0.2,0.9,0.25514939722661156,lh,16.0,405.0,1.0,sub017
315,1.0,20.0,0.2,0.9,0.370678236130488,rh,16.0,456.0,1.0,sub017
316,0.823430650520468,20.0,0.2,0.9,0.5071232790662767,lh,16.0,463.0,1.0,sub018
317,0.9667534827441905,20.0,0.2,0.9,0.962758297136745,rh,16.0,470.0,1.0,sub018
318,0.3887866471013142,20.0,0.2,0.9,0.15217460799554683,lh,16.0,375.0,1.0,sub019
319,0.7359369523142304,20.0,0.2,0.9,1.0,rh,16.0,495.0,1.0,sub019
320,0.3012544991473384,20.0,0.3,0.9,0.10579855561115216,lh,16.0,255.0,1.0,sub002
321,0.9983925523768995,20.0,0.3,0.9,0.4828149059057623,rh,16.0,338.0,1.0,sub002
322,0.13697582915875778,20.0,0.3,0.9,0.1700651172193789,lh,16.0,173.0,1.0,sub003
323,0.4665626944986747,20.0,0.3,0.9,0.3000691354780863,rh,16.0,212.0,1.0,sub003
324,0.38458931734706286,20.0,0.3,0.9,0.2280623398184255,lh,16.0,376.0,1.0,sub004
325,1.0,20.0,0.3,0.9,0.6772232089661135,rh,16.0,391.0,1.0,sub004
326,0.9583182092604271,20.0,0.3,0.9,0.3003653050971239,lh,16.0,525.0,1.0,sub006
327,0.619751277847893,20.0,0.3,0.9,0.4056943040923069,rh,16.0,332.0,1.0,sub006
328,0.8469656691249058,20.0,0.3,0.9,0.31850185189176106,lh,16.0,527.0,1.0,sub007
329,0.6030586910349619,20.0,0.3,0.9,1.0,rh,16.0,409.0,1.0,sub007
330,0.544266172107388,20.0,0.3,0.9,0.18979871722848407,lh,16.0,306.0,1.0,sub008
331,0.4714503847857355,20.0,0.3,0.9,0.7235015094663463,rh,16.0,341.0,1.0,sub008
332,0.2976525278813878,20.0,0.3,0.9,0.10933718966231948,lh,16.0,69.0,1.0,sub009
333,0.8019975964004608,20.0,0.3,0.9,1.0,rh,16.0,189.0,1.0,sub009
334,0.30303287844627347,20.0,0.3,0.9,0.07347224752520166,lh,16.0,250.0,1.0,sub010
335,0.6522328595450455,20.0,0.3,0.9,0.45169362860841406,rh,16.0,338.0,1.0,sub010
336,0.5986809435077951,20.0,0.3,0.9,0.1960936108413261,lh,16.0,533.0,1.0,sub011
337,0.9530810914174824,20.0,0.3,0.9,0.9058033484818497,rh,16.0,497.0,1.0,sub011
338,0.20368102261023247,20.0,0.3,0.9,0.11209151881165177,lh,16.0,293.0,1.0,sub012
339,0.5428157773863771,20.0,0.3,0.9,0.8366960498053853,rh,16.0,369.0,1.0,sub012
340,0.3216395026212667,20.0,0.3,0.9,0.2899413481662561,lh,16.0,293.0,1.0,sub013
341,0.8065458480313121,20.0,0.3,0.9,1.0,rh,16.0,410.0,1.0,sub013
342,0.4198304583899589,20.0,0.3,0.9,0.264147743746362,lh,16.0,516.0,1.0,sub014
343,0.6516262247084429,20.0,0.3,0.9,0.5855306668138959,rh,16.0,364.0,1.0,sub014
344,0.2821500452815605,20.0,0.3,0.9,0.23903953318772656,lh,16.0,286.0,1.0,sub015
345,0.8599132855506694,20.0,0.3,0.9,1.0,rh,16.0,357.0,1.0,sub015
346,0.4322663670380968,20.0,0.3,0.9,0.25702819040355074,lh,16.0,403.0,1.0,sub017
347,1.0,20.0,0.3,0.9,0.3707504793016433,rh,16.0,472.0,1.0,sub017
348,0.9123922254998714,20.0,0.3,0.9,0.570153749870493,lh,16.0,516.0,1.0,sub018
349,0.9459642408870358,20.0,0.3,0.9,0.9509568230591307,rh,16.0,455.0,1.0,sub018
350,0.38209903558934216,20.0,0.3,0.9,0.15284247033016954,lh,16.0,375.0,1.0,sub019
351,0.7303136632312803,20.0,0.3,0.9,1.0,rh,16.0,499.0,1.0,sub019
352,0.8036271419658327,7.0,0.3,0.9,0.30356882041450783,lh,16.0,251.0,1.0,sub002
353,0.7397311182551937,7.0,0.3,0.9,0.30399861073556744,rh,16.0,223.0,1.0,sub002
354,0.6189720317852404,7.0,0.3,0.9,0.480512411507589,lh,16.0,233.0,1.0,sub003
355,0.6371411562280411,7.0,0.3,0.9,0.4012552844801512,rh,16.0,230.0,1.0,sub003
356,0.6095932952022283,7.0,0.3,0.9,0.466531620669704,lh,16.0,183.0,1.0,sub004
357,0.6398883637665932,7.0,0.3,0.9,1.0,rh,16.0,192.0,1.0,sub004
358,0.9213164434884776,7.0,0.3,0.9,0.42505283127938975,lh,16.0,262.0,1.0,sub006
359,0.5274388990953909,7.0,0.3,0.9,0.4925619833551544,rh,16.0,237.0,1.0,sub006
360,1.0,7.0,0.3,0.9,0.423133796328004,lh,16.0,128.0,1.0,sub007
361,0.5358585281969288,7.0,0.3,0.9,1.0,rh,16.0,307.0,1.0,sub007
362,0.9278522461823433,7.0,0.3,0.9,0.4300927327547041,lh,16.0,265.0,1.0,sub008
363,0.6083316716767331,7.0,0.3,0.9,1.0,rh,16.0,404.0,1.0,sub008
364,0.4242898659729849,7.0,0.3,0.9,0.512036964660559,lh,16.0,118.0,1.0,sub009
365,0.6287796988369887,7.0,0.3,0.9,0.9619467510462221,rh,16.0,203.0,1.0,sub009
366,0.6784614647194503,7.0,0.3,0.9,0.36686956263753295,lh,16.0,412.0,1.0,sub010
367,0.7187690278138285,7.0,0.3,0.9,0.739185920556893,rh,16.0,297.0,1.0,sub010
368,0.6337925958160464,7.0,0.3,0.9,0.39770712900775257,lh,16.0,216.0,1.0,sub011
369,0.20545416037469605,7.0,0.3,0.9,0.21279145642287992,rh,16.0,43.0,1.0,sub011
370,0.9538086994497039,7.0,0.3,0.9,0.774445613574072,lh,16.0,594.0,1.0,sub012
371,0.8096183426136558,7.0,0.3,0.9,0.6132263922748902,rh,16.0,349.0,1.0,sub012
372,1.0,7.0,0.3,0.9,0.805725413446048,lh,16.0,291.0,1.0,sub013
373,0.4683142569502291,7.0,0.3,0.9,1.0,rh,16.0,226.0,1.0,sub013
374,0.6948061064772334,7.0,0.3,0.9,0.5151942273733776,lh,16.0,263.0,1.0,sub014
375,0.49355353819265324,7.0,0.3,0.9,0.5791756998247123,rh,16.0,266.0,1.0,sub014
376,1.0,7.0,0.3,0.9,0.5976815226811962,lh,16.0,349.0,1.0,sub015
377,0.7717871798280526,7.0,0.3,0.9,1.0,rh,16.0,236.0,1.0,sub015
378,1.0,7.0,0.3,0.9,0.7716852808340461,lh,16.0,357.0,1.0,sub017
379,0.8003062345611326,7.0,0.3,0.9,0.7685411106330413,rh,16.0,442.0,1.0,sub017
380,0.5516517048225157,7.0,0.3,0.9,0.7149453879377448,lh,16.0,181.0,1.0,sub018
381,0.3649782536609368,7.0,0.3,0.9,1.0,rh,16.0,209.0,1.0,sub018
382,0.7603690167225902,7.0,0.3,0.9,0.24885576447790933,lh,16.0,352.0,1.0,sub019
383,0.5013170562241375,7.0,0.3,0.9,0.6498566320476308,rh,16.0,360.0,1.0,sub019
384,1.0,2.0,0.2,0.9,0.4916754050020004,lh,16.0,89.0,1.0,sub002
385,0.6469710009286762,2.0,0.2,0.9,0.4519065335006306,rh,16.0,44.0,1.0,sub002
386,0.631460393106856,2.0,0.2,0.9,0.310131707525544,lh,16.0,64.0,1.0,sub003
387,0.46684866555480675,2.0,0.2,0.9,0.5412353246405447,rh,16.0,42.0,1.0,sub003
388,0.5023662675231151,2.0,0.2,0.9,0.33272107352980146,lh,16.0,41.0,1.0,sub004
389,0.2062520692416335,2.0,0.2,0.9,1.0,rh,16.0,27.0,1.0,sub004
390,1.0,2.0,0.2,0.9,0.7318145315573062,lh,16.0,118.0,1.0,sub006
391,0.3040453944049142,2.0,0.2,0.9,0.45183743894574846,rh,16.0,26.0,1.0,sub006
392,1.0,2.0,0.2,0.9,0.4728778107215792,lh,16.0,49.0,1.0,sub007
393,0.16020358517369282,2.0,0.2,0.9,1.0,rh,16.0,31.0,1.0,sub007
394,1.0,2.0,0.2,0.9,0.6193188330559406,lh,16.0,68.0,1.0,sub008
395,0.6318821152596658,2.0,0.2,0.9,0.9666371616989241,rh,16.0,59.0,1.0,sub008
396,0.33598211536254735,2.0,0.2,0.9,0.6612017430723477,lh,16.0,55.0,1.0,sub009
397,0.3880233321644432,2.0,0.2,0.9,0.9033563807939187,rh,16.0,43.0,1.0,sub009
398,1.0,2.0,0.2,0.9,0.2558250873845823,lh,16.0,89.0,1.0,sub010
399,0.44029370632830983,2.0,0.2,0.9,0.5055917583829476,rh,16.0,28.0,1.0,sub010
400,1.0,2.0,0.2,0.9,0.42578492770197157,lh,16.0,53.0,1.0,sub011
401,0.22317895140748156,2.0,0.2,0.9,1.0,rh,16.0,18.0,1.0,sub011
402,0.5141266167693611,2.0,0.2,0.9,0.2533518106140732,lh,16.0,48.0,1.0,sub012
403,0.30935913371429025,2.0,0.2,0.9,0.4895106338701351,rh,16.0,27.0,1.0,sub012
404,1.0,2.0,0.2,0.9,0.8864919531762011,lh,16.0,107.0,1.0,sub013
405,0.23486161324624358,2.0,0.2,0.9,1.0,rh,16.0,21.0,1.0,sub013
406,1.0,2.0,0.2,0.9,0.8081555766592698,lh,16.0,116.0,1.0,sub014
407,0.7156975983015813,2.0,0.2,0.9,1.0,rh,16.0,88.0,1.0,sub014
408,0.7343509324922782,2.0,0.2,0.9,0.6592729891123327,lh,16.0,88.0,1.0,sub015
409,0.5412902852350595,2.0,0.2,0.9,1.0,rh,16.0,37.0,1.0,sub015
410,1.0,2.0,0.2,0.9,0.773505983990451,lh,16.0,101.0,1.0,sub017
411,0.591445029455955,2.0,0.2,0.9,0.6729508261319264,rh,16.0,55.0,1.0,sub017
412,0.7356424155126281,2.0,0.2,0.9,0.6012114980378437,lh,16.0,65.0,1.0,sub018
413,0.17932235451947343,2.0,0.2,0.9,1.0,rh,16.0,30.0,1.0,sub018
414,1.0,2.0,0.2,0.9,0.1464530152581413,lh,16.0,38.0,1.0,sub019
415,0.4367849249400945,2.0,0.2,0.9,0.4646026251017531,rh,16.0,59.0,1.0,sub019
416,0.9518572399378021,3.0,0.2,0.9,0.536312559607968,lh,16.0,192.0,1.0,sub002
417,0.8731217386345108,3.0,0.2,0.9,0.5830651947972124,rh,16.0,196.0,1.0,sub002
418,0.6674816267454918,3.0,0.2,0.9,0.4670531898181938,lh,16.0,151.0,1.0,sub003
419,0.5597486379631815,3.0,0.2,0.9,0.5355595825056452,rh,16.0,135.0,1.0,sub003
420,0.6878752449239741,3.0,0.2,0.9,0.37867228509231726,lh,16.0,85.0,1.0,sub004
421,0.1982518271642937,3.0,0.2,0.9,1.0,rh,16.0,57.0,1.0,sub004
422,1.0,3.0,0.2,0.9,0.9953281957208082,lh,16.0,270.0,1.0,sub006
423,0.3772280274366838,3.0,0.2,0.9,0.5597249958083805,rh,16.0,82.0,1.0,sub006
424,1.0,3.0,0.2,0.9,0.5712423615542138,lh,16.0,74.0,1.0,sub007
425,0.21671976599279666,3.0,0.2,0.9,0.9223910991345344,rh,16.0,69.0,1.0,sub007
426,1.0,3.0,0.2,0.9,0.5325338762496397,lh,16.0,176.0,1.0,sub008
427,0.46683037668096966,3.0,0.2,0.9,1.0,rh,16.0,156.0,1.0,sub008
428,0.27594502412310246,3.0,0.2,0.9,0.5449862940961763,lh,16.0,71.0,1.0,sub009
429,0.3953114970275959,3.0,0.2,0.9,1.0,rh,16.0,92.0,1.0,sub009
430,1.0,3.0,0.2,0.9,0.34103169520885207,lh,16.0,257.0,1.0,sub010
431,0.6314351107963055,3.0,0.2,0.9,0.8892332163042024,rh,16.0,180.0,1.0,sub010
432,1.0,3.0,0.2,0.9,0.7342713422974055,lh,16.0,210.0,1.0,sub011
433,0.13618178620013988,3.0,0.2,0.9,0.3414688918296584,rh,16.0,16.0,1.0,sub011
434,0.8520071281869318,3.0,0.2,0.9,0.6379066233896837,lh,16.0,275.0,1.0,sub012
435,0.42746856363256125,3.0,0.2,0.9,0.6798026199968359,rh,16.0,136.0,1.0,sub012
436,1.0,3.0,0.2,0.9,0.8494406994283884,lh,16.0,234.0,1.0,sub013
437,0.2638444515864724,3.0,0.2,0.9,1.0,rh,16.0,61.0,1.0,sub013
438,1.0,3.0,0.2,0.9,0.6869203825145941,lh,16.0,252.0,1.0,sub014
439,0.6480334992774724,3.0,0.2,0.9,1.0,rh,16.0,267.0,1.0,sub014
440,1.0,3.0,0.2,0.9,0.5478854137376422,lh,16.0,214.0,1.0,sub015
441,0.5963249455360087,3.0,0.2,0.9,1.0,rh,16.0,93.0,1.0,sub015
442,1.0,3.0,0.2,0.9,0.7458214002662048,lh,16.0,238.0,1.0,sub017
443,0.710969982124363,3.0,0.2,0.9,0.7548984563987683,rh,16.0,163.0,1.0,sub017
444,0.6237021353759721,3.0,0.2,0.9,0.602661459249624,lh,16.0,112.0,1.0,sub018
445,0.19524944045899648,3.0,0.2,0.9,1.0,rh,16.0,57.0,1.0,sub018
446,1.0,3.0,0.2,0.9,0.1728582896509874,lh,16.0,147.0,1.0,sub019
447,0.478331464153477,3.0,0.2,0.9,0.4771952776020963,rh,16.0,249.0,1.0,sub019
448,1.0,4.0,0.3,0.9,0.3277476057711242,lh,16.0,144.0,1.0,sub002
449,0.9155562361046706,4.0,0.3,0.9,0.44166557568287595,rh,16.0,96.0,1.0,sub002
450,0.7472401505466525,4.0,0.3,0.9,0.36560202461286295,lh,16.0,130.0,1.0,sub003
451,0.46317732379874,4.0,0.3,0.9,0.3493183736951077,rh,16.0,52.0,1.0,sub003
452,0.7700319119714598,4.0,0.3,0.9,0.5587239956438725,lh,16.0,95.0,1.0,sub004
453,0.29347963388819726,4.0,0.3,0.9,1.0,rh,16.0,86.0,1.0,sub004
454,1.0,4.0,0.3,0.9,0.41748311355094325,lh,16.0,201.0,1.0,sub006
455,0.4803458192500321,4.0,0.3,0.9,0.5160276634120876,rh,16.0,60.0,1.0,sub006
456,1.0,4.0,0.3,0.9,0.27593031054416195,lh,16.0,46.0,1.0,sub007
457,0.2969993202662165,4.0,0.3,0.9,0.8847249638979527,rh,16.0,61.0,1.0,sub007
458,1.0,4.0,0.3,0.9,0.4053675565047107,lh,16.0,128.0,1.0,sub008
459,0.6007584096107798,4.0,0.3,0.9,1.0,rh,16.0,94.0,1.0,sub008
460,0.35297244432194175,4.0,0.3,0.9,0.5744434782288165,lh,16.0,78.0,1.0,sub009
461,0.5702403337948281,4.0,0.3,0.9,0.9741479740229265,rh,16.0,89.0,1.0,sub009
462,1.0,4.0,0.3,0.9,0.3053904161396117,lh,16.0,252.0,1.0,sub010
463,0.6366885825260903,4.0,0.3,0.9,0.6826915838558336,rh,16.0,90.0,1.0,sub010
464,1.0,4.0,0.3,0.9,0.4323391935692032,lh,16.0,187.0,1.0,sub011
465,0.2355364997167646,4.0,0.3,0.9,0.4141035661990908,rh,16.0,21.0,1.0,sub011
466,0.9676498048009124,4.0,0.3,0.9,0.5074545835316076,lh,16.0,246.0,1.0,sub012
467,0.43991777986275743,4.0,0.3,0.9,0.7123891686521225,rh,16.0,53.0,1.0,sub012
468,1.0,4.0,0.3,0.9,0.8944640132815154,lh,16.0,175.0,1.0,sub013
469,0.35626770502245475,4.0,0.3,0.9,1.0,rh,16.0,45.0,1.0,sub013
470,1.0,4.0,0.3,0.9,0.5339533631966507,lh,16.0,190.0,1.0,sub014
471,0.636425380750976,4.0,0.3,0.9,0.7282922629002045,rh,16.0,175.0,1.0,sub014
472,1.0,4.0,0.3,0.9,0.49638218828230585,lh,16.0,210.0,1.0,sub015
473,0.6721892967355559,4.0,0.3,0.9,1.0,rh,16.0,75.0,1.0,sub015
474,1.0,4.0,0.3,0.9,0.516697016784562,lh,16.0,175.0,1.0,sub017
475,1.0,4.0,0.3,0.9,0.9552165970054254,rh,16.0,152.0,1.0,sub017
476,0.7914525516601623,4.0,0.3,0.9,0.5872333508931875,lh,16.0,126.0,1.0,sub018
477,0.2818849888655379,4.0,0.3,0.9,1.0,rh,16.0,50.0,1.0,sub018
478,1.0,4.0,0.3,0.9,0.16602693672325122,lh,16.0,138.0,1.0,sub019
479,0.6406166387079021,4.0,0.3,0.9,0.5666978597571577,rh,16.0,193.0,1.0,sub019
480,1.0,1.0,0.2,0.9,0.8377084385573003,lh,16.0,43.0,1.0,sub002
481,0.42447636470013017,1.0,0.2,0.9,0.34606696402621756,rh,16.0,30.0,1.0,sub002
482,0.7096663895434927,1.0,0.2,0.9,0.45533376764639666,lh,16.0,41.0,1.0,sub003
483,0.14457985395741274,1.0,0.2,0.9,0.2148399377996607,rh,16.0,16.0,1.0,sub003
484,0.35206928089576056,1.0,0.2,0.9,0.3621929712069387,lh,16.0,18.0,1.0,sub004
485,0.2519052846282617,1.0,0.2,0.9,1.0,rh,16.0,18.0,1.0,sub004
486,1.0,1.0,0.2,0.9,0.6869121153487749,lh,16.0,61.0,1.0,sub006
487,0.12359011213256545,1.0,0.2,0.9,0.4119175420414664,rh,16.0,14.0,1.0,sub006
488,1.0,1.0,0.2,0.9,0.3784717906435029,lh,16.0,16.0,1.0,sub007
489,0.1387130305009703,1.0,0.2,0.9,1.0,rh,16.0,12.0,1.0,sub007
490,0.8070884071230731,1.0,0.2,0.9,0.5395976105225472,lh,16.0,16.0,1.0,sub008
491,0.21442923921681453,1.0,0.2,0.9,1.0,rh,16.0,25.0,1.0,sub008
492,0.14436204445538386,1.0,0.2,0.9,1.0,lh,16.0,12.0,1.0,sub009
493,0.26366161592483944,1.0,0.2,0.9,1.0,rh,16.0,29.0,1.0,sub009
494,1.0,1.0,0.2,0.9,0.6759770663961362,lh,16.0,39.0,1.0,sub010
495,0.1508392216210347,1.0,0.2,0.9,0.2962285535358211,rh,16.0,12.0,1.0,sub010
496,0.7666383052303635,1.0,0.2,0.9,1.0,lh,16.0,14.0,1.0,sub011
497,0.10574786362449251,1.0,0.2,0.9,1.0,rh,16.0,13.0,1.0,sub011
498,0.2789465675018207,1.0,0.2,0.9,0.245283968331495,lh,16.0,15.0,1.0,sub012
499,0.20885397672050118,1.0,0.2,0.9,0.5308598288098902,rh,16.0,22.0,1.0,sub012
500,0.509376915750416,1.0,0.2,0.9,0.42202786325960795,lh,16.0,23.0,1.0,sub013
501,0.11345692778028724,1.0,0.2,0.9,1.0,rh,16.0,11.0,1.0,sub013
502,0.6398178695263179,1.0,0.2,0.9,1.0,lh,16.0,36.0,1.0,sub014
503,0.178056371877555,1.0,0.2,0.9,1.0,rh,16.0,19.0,1.0,sub014
504,0.3348677281041372,1.0,0.2,0.9,1.0,lh,16.0,23.0,1.0,sub015
505,0.4630836153548709,1.0,0.2,0.9,1.0,rh,16.0,31.0,1.0,sub015
506,0.5249600145124043,1.0,0.2,0.9,1.0,lh,16.0,25.0,1.0,sub017
507,0.2729828150572631,1.0,0.2,0.9,0.41841374908515844,rh,16.0,30.0,1.0,sub017
508,0.23611458892526188,1.0,0.2,0.9,1.0,lh,16.0,8.0,1.0,sub018
509,0.1360343064272443,1.0,0.2,0.9,0.9841255258807047,rh,16.0,23.0,1.0,sub018
510,1.0,1.0,0.2,0.9,0.2661634510001898,lh,16.0,20.0,1.0,sub019
511,0.29294946761512525,1.0,0.2,0.9,0.9069310953345084,rh,16.0,32.0,1.0,sub019
512,0.07155020479454696,0.0,0.2,0.9,0.4640604745626745,lh,16.0,17.0,1.0,sub002
513,0.11625782854551507,0.0,0.2,0.9,0.5587329714779545,rh,16.0,25.0,1.0,sub002
514,0.0,0.0,0.2,0.9,0.011324743329252299,lh,16.0,1.0,1.0,sub003
515,0.004120984354923163,0.0,0.2,0.9,0.14135655727193464,rh,16.0,5.0,1.0,sub003
516,0.1143069249447108,0.0,0.2,0.9,0.2130532927453861,lh,16.0,8.0,1.0,sub004
517,0.12863931628574798,0.0,0.2,0.9,0.23605392690819796,rh,16.0,6.0,1.0,sub004
518,0.0,0.0,0.2,0.9,0.7928982433495816,lh,16.0,9.0,1.0,sub006
519,0.0,0.0,0.2,0.9,0.4108277546387794,rh,16.0,16.0,1.0,sub006
520,0.03863369168204897,0.0,0.2,0.9,0.14679260942596561,lh,16.0,8.0,1.0,sub007
521,1.0,0.0,0.2,0.9,0.3419298218502026,rh,16.0,13.0,1.0,sub007
522,0.5765387044190716,0.0,0.2,0.9,0.8300496221045037,lh,16.0,18.0,1.0,sub008
523,0.032076797283222956,0.0,0.2,0.9,1.0,rh,16.0,19.0,1.0,sub008
524,0.7765257997122812,0.0,0.2,0.9,1.0,lh,16.0,17.0,1.0,sub009
525,0.2616011267885333,0.0,0.2,0.9,1.0,rh,16.0,8.0,1.0,sub009
526,0.7337330380817288,0.0,0.2,0.9,0.23018012467480164,lh,16.0,16.0,1.0,sub010
527,0.05559997519300043,0.0,0.2,0.9,0.0,rh,16.0,7.0,1.0,sub010
528,0.5710965727678721,0.0,0.2,0.9,0.9337474860480116,lh,16.0,11.0,1.0,sub011
529,0.03726216627687211,0.0,0.2,0.9,0.30896269912891555,rh,16.0,2.0,1.0,sub011
530,0.09542828270728423,0.0,0.2,0.9,0.706924759830338,lh,16.0,21.0,1.0,sub012
531,0.0005276293208121704,0.0,0.2,0.9,0.23857061013218261,rh,16.0,16.0,1.0,sub012
532,0.0,0.0,0.2,0.9,0.013546706533937147,lh,16.0,3.0,1.0,sub013
533,0.0,0.0,0.2,0.9,0.6807566881382879,rh,16.0,15.0,1.0,sub013
534,1.0,0.0,0.2,0.9,0.6434043717051446,lh,16.0,8.0,1.0,sub014
535,0.14186932787849826,0.0,0.2,0.9,0.8825502456463502,rh,16.0,9.0,1.0,sub014
536,0.052312821819127414,0.0,0.2,0.9,0.3243733501154118,lh,16.0,17.0,1.0,sub015
537,0.0,0.0,0.2,0.9,0.11169693499867996,rh,16.0,9.0,1.0,sub015
538,0.9583066082113647,0.0,0.2,0.9,0.5904960123337692,lh,16.0,17.0,1.0,sub017
539,0.0468851587718606,0.0,0.2,0.9,0.5272032840215708,rh,16.0,23.0,1.0,sub017
540,1.0,0.0,0.2,0.9,0.003708957177724017,lh,16.0,10.0,1.0,sub018
541,0.05284008101930925,0.0,0.2,0.9,1.0,rh,16.0,5.0,1.0,sub018
542,1.0,0.0,0.2,0.9,0.18626598117102774,lh,16.0,10.0,1.0,sub019
543,0.25175521174640614,0.0,0.2,0.9,0.9917236234779574,rh,16.0,18.0,1.0,sub019
544,1.0,5.0,0.3,0.9,0.3304731054203071,lh,16.0,214.0,1.0,sub002
545,1.0,5.0,0.3,0.9,0.47309413994181326,rh,16.0,218.0,1.0,sub002
546,0.737673315386148,5.0,0.3,0.9,0.44148398279785683,lh,16.0,184.0,1.0,sub003
547,0.6192599208746782,5.0,0.3,0.9,0.41850782716218304,rh,16.0,139.0,1.0,sub003
548,0.7157354638760487,5.0,0.3,0.9,0.5118960655993857,lh,16.0,138.0,1.0,sub004
549,0.49143796985565874,5.0,0.3,0.9,1.0,rh,16.0,142.0,1.0,sub004
550,0.9547326445747064,5.0,0.3,0.9,0.4839807698738763,lh,16.0,250.0,1.0,sub006
551,0.5725750318772486,5.0,0.3,0.9,0.6112419827236164,rh,16.0,165.0,1.0,sub006
552,1.0,5.0,0.3,0.9,0.3305265766066329,lh,16.0,71.0,1.0,sub007
553,0.35216670716794546,5.0,0.3,0.9,1.0,rh,16.0,147.0,1.0,sub007
554,1.0,5.0,0.3,0.9,0.3421386708244761,lh,16.0,187.0,1.0,sub008
555,0.5574552265709612,5.0,0.3,0.9,1.0,rh,16.0,236.0,1.0,sub008
556,0.3922783492811538,5.0,0.3,0.9,0.560328334980107,lh,16.0,92.0,1.0,sub009
557,0.5814219304927315,5.0,0.3,0.9,1.0,rh,16.0,137.0,1.0,sub009
558,0.9523129526949798,5.0,0.3,0.9,0.35852461479764586,lh,16.0,354.0,1.0,sub010
559,0.7398956621958225,5.0,0.3,0.9,0.7789471970935835,rh,16.0,221.0,1.0,sub010
560,0.8929548054273367,5.0,0.3,0.9,0.4402878985526371,lh,16.0,230.0,1.0,sub011
561,0.1849916948411344,5.0,0.3,0.9,0.23836965246740424,rh,16.0,21.0,1.0,sub011
562,1.0,5.0,0.3,0.9,0.6329680228307962,lh,16.0,400.0,1.0,sub012
563,0.5241201104922816,5.0,0.3,0.9,0.6854828285988491,rh,16.0,171.0,1.0,sub012
564,1.0,5.0,0.3,0.9,0.8874751429390857,lh,16.0,237.0,1.0,sub013
565,0.3613934488020775,5.0,0.3,0.9,1.0,rh,16.0,107.0,1.0,sub013
566,0.9303415770487082,5.0,0.3,0.9,0.5366303761097811,lh,16.0,255.0,1.0,sub014
567,0.5652761189300838,5.0,0.3,0.9,0.6354102014970354,rh,16.0,254.0,1.0,sub014
568,1.0,5.0,0.3,0.9,0.5334852296709356,lh,16.0,273.0,1.0,sub015
569,0.7524406416600868,5.0,0.3,0.9,1.0,rh,16.0,159.0,1.0,sub015
570,1.0,5.0,0.3,0.9,0.6048601394044107,lh,16.0,245.0,1.0,sub017
571,0.7811135427987385,5.0,0.3,0.9,0.8521252237541317,rh,16.0,271.0,1.0,sub017
572,0.7175986330737315,5.0,0.3,0.9,0.6556233321369881,lh,16.0,162.0,1.0,sub018
573,0.290596110339395,5.0,0.3,0.9,1.0,rh,16.0,94.0,1.0,sub018
574,1.0,5.0,0.3,0.9,0.2435140456890502,lh,16.0,293.0,1.0,sub019
575,0.62103222573642,5.0,0.3,0.9,0.6853707967294591,rh,16.0,315.0,1.0,sub019
576,0.8799963749280004,1.0,0.3,0.9,0.9099383738918624,lh,16.0,34.0,1.0,sub002
577,0.3008994608881839,1.0,0.3,0.9,0.28463669302655226,rh,16.0,14.0,1.0,sub002
578,0.41826751510220944,1.0,0.3,0.9,0.4895120046815602,lh,16.0,22.0,1.0,sub003
579,0.16555033677447373,1.0,0.3,0.9,0.26083100557344796,rh,16.0,11.0,1.0,sub003
580,0.29104948773123235,1.0,0.3,0.9,0.7999543986938206,lh,16.0,16.0,1.0,sub004
581,0.18435261061857375,1.0,0.3,0.9,1.0,rh,16.0,12.0,1.0,sub004
582,0.6059351465491355,1.0,0.3,0.9,0.6327995754147928,lh,16.0,33.0,1.0,sub006
583,0.18395543031786607,1.0,0.3,0.9,0.43425155443574753,rh,16.0,18.0,1.0,sub006
584,1.0,1.0,0.3,0.9,0.5360041638207012,lh,16.0,14.0,1.0,sub007
585,0.2312741890880735,1.0,0.3,0.9,1.0,rh,16.0,13.0,1.0,sub007
586,0.7622734733393921,1.0,0.3,0.9,0.6203053165254704,lh,16.0,11.0,1.0,sub008
587,0.05920554673673997,1.0,0.3,0.9,1.0,rh,16.0,7.0,1.0,sub008
588,0.3021312998182798,1.0,0.3,0.9,0.5794487058309618,lh,16.0,25.0,1.0,sub009
589,0.04906276299766332,1.0,0.3,0.9,1.0,rh,16.0,6.0,1.0,sub009
590,0.6171948512457006,1.0,0.3,0.9,0.8292811345240446,lh,16.0,27.0,1.0,sub010
591,0.1300177852159681,1.0,0.3,0.9,0.195404840588905,rh,16.0,7.0,1.0,sub010
592,0.6062468050738075,1.0,0.3,0.9,1.0,lh,16.0,13.0,1.0,sub011
593,0.09901856732707608,1.0,0.3,0.9,1.0,rh,16.0,9.0,1.0,sub011
594,0.15185409092844168,1.0,0.3,0.9,0.2012429365550583,lh,16.0,5.0,1.0,sub012
595,0.1274336878431507,1.0,0.3,0.9,0.2553096710206727,rh,16.0,11.0,1.0,sub012
596,0.20847255042922008,1.0,0.3,0.9,0.034629134462210484,lh,16.0,7.0,1.0,sub013
597,0.08742645393852265,1.0,0.3,0.9,1.0,rh,16.0,7.0,1.0,sub013
598,0.3356626150826168,1.0,0.3,0.9,1.0,lh,16.0,16.0,1.0,sub014
599,0.10083423893647597,1.0,0.3,0.9,1.0,rh,16.0,12.0,1.0,sub014
600,0.2165659597970356,1.0,0.3,0.9,1.0,lh,16.0,11.0,1.0,sub015
601,0.42825664849740225,1.0,0.3,0.9,1.0,rh,16.0,28.0,1.0,sub015
602,0.10621827467304568,1.0,0.3,0.9,1.0,lh,16.0,3.0,1.0,sub017
603,0.1719644601527622,1.0,0.3,0.9,0.4291111715892519,rh,16.0,10.0,1.0,sub017
604,0.1758289407767612,1.0,0.3,0.9,1.0,lh,16.0,7.0,1.0,sub018
605,0.11142395363325844,1.0,0.3,0.9,0.5049970485822011,rh,16.0,16.0,1.0,sub018
606,1.0,1.0,0.3,0.9,0.5690413645306698,lh,16.0,21.0,1.0,sub019
607,0.2146709788086767,1.0,0.3,0.9,1.0,rh,16.0,15.0,1.0,sub019
608,0.9099584602181895,4.0,0.2,0.9,0.5026146804806778,lh,16.0,269.0,1.0,sub002
609,0.7455009347111338,4.0,0.2,0.9,0.4217610303387055,rh,16.0,245.0,1.0,sub002
610,0.6128816099200274,4.0,0.2,0.9,0.5031895759176649,lh,16.0,201.0,1.0,sub003
611,0.6076217589451788,4.0,0.2,0.9,0.48480913058842195,rh,16.0,237.0,1.0,sub003
612,0.598291323075771,4.0,0.2,0.9,0.3595345865342513,lh,16.0,134.0,1.0,sub004
613,0.43570023670808977,4.0,0.2,0.9,1.0,rh,16.0,114.0,1.0,sub004
614,0.8958162223789492,4.0,0.2,0.9,0.7051650279002274,lh,16.0,283.0,1.0,sub006
615,0.4396432934625564,4.0,0.2,0.9,0.558933801150453,rh,16.0,188.0,1.0,sub006
616,1.0,4.0,0.2,0.9,0.6653274203424193,lh,16.0,124.0,1.0,sub007
617,0.3180292158946071,4.0,0.2,0.9,1.0,rh,16.0,170.0,1.0,sub007
618,0.9647926323411004,4.0,0.2,0.9,0.4459510827648387,lh,16.0,248.0,1.0,sub008
619,0.45797822453693043,4.0,0.2,0.9,1.0,rh,16.0,301.0,1.0,sub008
620,0.34466933056166,4.0,0.2,0.9,0.47695216135408885,lh,16.0,86.0,1.0,sub009
621,0.46880992917509323,4.0,0.2,0.9,1.0,rh,16.0,169.0,1.0,sub009
622,0.8653491696736588,4.0,0.2,0.9,0.39397987041353066,lh,16.0,366.0,1.0,sub010
623,0.6390012291395176,4.0,0.2,0.9,0.7952466000808053,rh,16.0,270.0,1.0,sub010
624,0.8267899019342473,4.0,0.2,0.9,0.6534376781593028,lh,16.0,289.0,1.0,sub011
625,0.12560272996264357,4.0,0.2,0.9,0.20235939983391832,rh,16.0,15.0,1.0,sub011
626,0.8465160578003792,4.0,0.2,0.9,0.728104910285982,lh,16.0,470.0,1.0,sub012
627,0.630711855025949,4.0,0.2,0.9,0.6913113827273462,rh,16.0,301.0,1.0,sub012
628,1.0,4.0,0.2,0.9,0.7156269356857091,lh,16.0,280.0,1.0,sub013
629,0.3316178732373985,4.0,0.2,0.9,1.0,rh,16.0,155.0,1.0,sub013
630,0.8387346366140686,4.0,0.2,0.9,0.6621126278971704,lh,16.0,312.0,1.0,sub014
631,0.5767645347512578,4.0,0.2,0.9,0.8234586567478857,rh,16.0,301.0,1.0,sub014
632,1.0,4.0,0.2,0.9,0.5863600516245479,lh,16.0,296.0,1.0,sub015
633,0.6430191455089256,4.0,0.2,0.9,1.0,rh,16.0,170.0,1.0,sub015
634,0.9378988035548685,4.0,0.2,0.9,0.7757234594450454,lh,16.0,308.0,1.0,sub017
635,0.6716376834843472,4.0,0.2,0.9,0.6967329694102934,rh,16.0,278.0,1.0,sub017
636,0.5683101622098667,4.0,0.2,0.9,0.6653162626501887,lh,16.0,159.0,1.0,sub018
637,0.25802342442286985,4.0,0.2,0.9,1.0,rh,16.0,135.0,1.0,sub018
638,0.8905284328301888,4.0,0.2,0.9,0.2856827811518587,lh,16.0,355.0,1.0,sub019
639,0.4666423293003402,4.0,0.2,0.9,0.6256417708013179,rh,16.0,343.0,1.0,sub019
640,0.8478992143539038,5.0,0.2,0.9,0.4418924323977242,lh,16.0,325.0,1.0,sub002
641,0.5946515898503032,5.0,0.2,0.9,0.2896298368903416,rh,16.0,203.0,1.0,sub002
642,0.560582413008662,5.0,0.2,0.9,0.511186138961593,lh,16.0,228.0,1.0,sub003
643,0.5868798443009385,5.0,0.2,0.9,0.4162663064226992,rh,16.0,256.0,1.0,sub003
644,0.5248244987301329,5.0,0.2,0.9,0.33570713156597637,lh,16.0,160.0,1.0,sub004
645,0.5165820431422945,5.0,0.2,0.9,1.0,rh,16.0,143.0,1.0,sub004
646,0.7914541950378654,5.0,0.2,0.9,0.5181940372845236,lh,16.0,262.0,1.0,sub006
647,0.41453953515625946,5.0,0.2,0.9,0.4570621727206653,rh,16.0,204.0,1.0,sub006
648,1.0,5.0,0.2,0.9,0.6673134581733344,lh,16.0,164.0,1.0,sub007
649,0.46931114305103105,5.0,0.2,0.9,1.0,rh,16.0,259.0,1.0,sub007
650,0.8136939486756252,5.0,0.2,0.9,0.44268595215499273,lh,16.0,269.0,1.0,sub008
651,0.5188713572507623,5.0,0.2,0.9,1.0,rh,16.0,413.0,1.0,sub008
652,0.3664364585843351,5.0,0.2,0.9,0.41905138765805644,lh,16.0,103.0,1.0,sub009
653,0.5491720805844685,5.0,0.2,0.9,1.0,rh,16.0,208.0,1.0,sub009
654,0.6036150625232662,5.0,0.2,0.9,0.3834492928079979,lh,16.0,374.0,1.0,sub010
655,0.6146318307195554,5.0,0.2,0.9,0.8175048011041302,rh,16.0,300.0,1.0,sub010
656,0.7007729568218225,5.0,0.2,0.9,0.5086280179089858,lh,16.0,282.0,1.0,sub011
657,0.1343292168635222,5.0,0.2,0.9,0.22949913473267555,rh,16.0,24.0,1.0,sub011
658,0.8424916603676713,5.0,0.2,0.9,0.7498176652816212,lh,16.0,564.0,1.0,sub012
659,0.8250052239427423,5.0,0.2,0.9,0.6738361123880924,rh,16.0,407.0,1.0,sub012
660,1.0,5.0,0.2,0.9,0.6444122890055617,lh,16.0,295.0,1.0,sub013
661,0.4800125835700437,5.0,0.2,0.9,1.0,rh,16.0,233.0,1.0,sub013
662,0.7273090327998963,5.0,0.2,0.9,0.6357751580321334,lh,16.0,327.0,1.0,sub014
663,0.51926942930714,5.0,0.2,0.9,0.715884460449995,rh,16.0,283.0,1.0,sub014
664,1.0,5.0,0.2,0.9,0.6186579427553223,lh,16.0,355.0,1.0,sub015
665,0.7103555879940081,5.0,0.2,0.9,1.0,rh,16.0,221.0,1.0,sub015
666,0.7610908600099693,5.0,0.2,0.9,0.6922310037857625,lh,16.0,297.0,1.0,sub017
667,0.7461191025391729,5.0,0.2,0.9,0.6907777894338814,rh,16.0,362.0,1.0,sub017
668,0.46757395334054935,5.0,0.2,0.9,0.6892888176927493,lh,16.0,169.0,1.0,sub018
669,0.3683326883810166,5.0,0.2,0.9,1.0,rh,16.0,214.0,1.0,sub018
670,0.7834625568362498,5.0,0.2,0.9,0.2934532592182808,lh,16.0,394.0,1.0,sub019
671,0.41651894357060915,5.0,0.2,0.9,0.5988352035559732,rh,16.0,350.0,1.0,sub019
672,0.948644708484633,0.0,0.3,0.9,1.0,lh,16.0,10.0,1.0,sub002
673,0.03207221643856472,0.0,0.3,0.9,0.0395795590653155,rh,16.0,12.0,1.0,sub002
674,0.0,0.0,0.3,0.9,0.0,lh,16.0,1.0,1.0,sub003
675,0.4134864062372645,0.0,0.3,0.9,0.0017859953202008208,rh,16.0,4.0,1.0,sub003
676,0.013986883948989292,0.0,0.3,0.9,0.2928162870969703,lh,16.0,10.0,1.0,sub004
677,0.14151462915591378,0.0,0.3,0.9,0.21000916774008602,rh,16.0,9.0,1.0,sub004
678,0.0,0.0,0.3,0.9,1.0,lh,16.0,7.0,1.0,sub006
679,0.0,0.0,0.3,0.9,0.1455712210578313,rh,16.0,12.0,1.0,sub006
680,0.022389878600770925,0.0,0.3,0.9,0.10480136770892755,lh,16.0,6.0,1.0,sub007
681,1.0,0.0,0.3,0.9,0.6954153907971095,rh,16.0,13.0,1.0,sub007
682,0.6728383118891664,0.0,0.3,0.9,0.11560324123768205,lh,16.0,5.0,1.0,sub008
683,0.0,0.0,0.3,0.9,1.0,rh,16.0,7.0,1.0,sub008
684,0.0,0.0,0.3,0.9,0.15799683004542006,lh,16.0,9.0,1.0,sub009
685,0.08034275635570452,0.0,0.3,0.9,0.5154874222693704,rh,16.0,5.0,1.0,sub009
686,0.3206198353997048,0.0,0.3,0.9,0.08285883330312378,lh,16.0,12.0,1.0,sub010
687,0.0,0.0,0.3,0.9,0.07198332744487806,rh,16.0,3.0,1.0,sub010
688,0.2631215056720573,0.0,0.3,0.9,0.5491267805015315,lh,16.0,9.0,1.0,sub011
689,0.03357932710377835,0.0,0.3,0.9,0.3798639558951402,rh,16.0,2.0,1.0,sub011
690,0.002409738778468199,0.0,0.3,0.9,0.015898278271043412,lh,16.0,2.0,1.0,sub012
691,0.010350342134552933,0.0,0.3,0.9,0.2570254737806511,rh,16.0,11.0,1.0,sub012
692,0.0,0.0,0.3,0.9,0.008241348557463928,lh,16.0,5.0,1.0,sub013
693,0.4348801553831881,0.0,0.3,0.9,0.6829032481341354,rh,16.0,13.0,1.0,sub013
694,0.3170123621698377,0.0,0.3,0.9,0.9324294249462389,lh,16.0,4.0,1.0,sub014
695,0.05496591815623876,0.0,0.3,0.9,0.6891097285179154,rh,16.0,9.0,1.0,sub014
696,0.14166685438613252,0.0,0.3,0.9,0.5764303960131034,lh,16.0,15.0,1.0,sub015
697,0.0,0.0,0.3,0.9,0.09479579649720017,rh,16.0,6.0,1.0,sub015
698,0.6533671276381202,0.0,0.3,0.9,1.0,lh,16.0,11.0,1.0,sub017
699,0.7284984209977176,0.0,0.3,0.9,0.7444484050186031,rh,16.0,21.0,1.0,sub017
700,0.8068469283549956,0.0,0.3,0.9,0.07418112704110827,lh,16.0,3.0,1.0,sub018
701,0.0,0.0,0.3,0.9,1.0,rh,16.0,8.0,1.0,sub018
702,1.0,0.0,0.3,0.9,0.23261579216794862,lh,16.0,7.0,1.0,sub019
703,0.609763408508023,0.0,0.3,0.9,0.8222260807288095,rh,16.0,9.0,1.0,sub019
704,1.0,2.0,0.3,0.9,0.42081738773821364,lh,16.0,47.0,1.0,sub002
705,0.579213023608046,2.0,0.3,0.9,0.25402173793298904,rh,16.0,18.0,1.0,sub002
706,0.6846153029176448,2.0,0.3,0.9,0.3548903198209708,lh,16.0,48.0,1.0,sub003
707,0.2032333610914618,2.0,0.3,0.9,0.15807969386143852,rh,16.0,11.0,1.0,sub003
708,0.7024839940281543,2.0,0.3,0.9,0.9796561214902312,lh,16.0,44.0,1.0,sub004
709,0.5737267329553996,2.0,0.3,0.9,1.0,rh,16.0,21.0,1.0,sub004
710,1.0,2.0,0.3,0.9,0.4798231908939596,lh,16.0,64.0,1.0,sub006
711,0.20823301743483075,2.0,0.3,0.9,0.25282714952405294,rh,16.0,15.0,1.0,sub006
712,1.0,2.0,0.3,0.9,0.6443957030689862,lh,16.0,35.0,1.0,sub007
713,0.22809715384620635,2.0,0.3,0.9,0.7740889128688865,rh,16.0,19.0,1.0,sub007
714,1.0,2.0,0.3,0.9,0.442600424382619,lh,16.0,34.0,1.0,sub008
715,0.32522144249729945,2.0,0.3,0.9,1.0,rh,16.0,16.0,1.0,sub008
716,0.5345033611885377,2.0,0.3,0.9,1.0,lh,16.0,53.0,1.0,sub009
717,0.2908689122058628,2.0,0.3,0.9,1.0,rh,16.0,14.0,1.0,sub009
718,1.0,2.0,0.3,0.9,0.3694372849856441,lh,16.0,51.0,1.0,sub010
719,0.37857293789317037,2.0,0.3,0.9,0.2511821054487982,rh,16.0,10.0,1.0,sub010
720,1.0,2.0,0.3,0.9,0.5890927442782151,lh,16.0,36.0,1.0,sub011
721,0.24556032727222987,2.0,0.3,0.9,1.0,rh,16.0,14.0,1.0,sub011
722,0.28021191616520646,2.0,0.3,0.9,0.15619700813735332,lh,16.0,15.0,1.0,sub012
723,0.2937740040462822,2.0,0.3,0.9,0.31541950110322486,rh,16.0,13.0,1.0,sub012
724,0.600464232044338,2.0,0.3,0.9,1.0,lh,16.0,34.0,1.0,sub013
725,0.297820130836155,2.0,0.3,0.9,1.0,rh,16.0,16.0,1.0,sub013
726,0.7710624378294205,2.0,0.3,0.9,0.8844208801978651,lh,16.0,49.0,1.0,sub014
727,0.4115233631876325,2.0,0.3,0.9,1.0,rh,16.0,18.0,1.0,sub014
728,0.6536326245312991,2.0,0.3,0.9,1.0,lh,16.0,39.0,1.0,sub015
729,0.5042900589171043,2.0,0.3,0.9,0.8644355180215287,rh,16.0,25.0,1.0,sub015
730,0.8872160095585666,2.0,0.3,0.9,1.0,lh,16.0,57.0,1.0,sub017
731,0.5070014235457909,2.0,0.3,0.9,0.33102476009201753,rh,16.0,17.0,1.0,sub017
732,0.6328632991040376,2.0,0.3,0.9,1.0,lh,16.0,36.0,1.0,sub018
733,0.3092775688648049,2.0,0.3,0.9,0.9125528562576174,rh,16.0,25.0,1.0,sub018
734,1.0,2.0,0.3,0.9,0.24348026411101995,lh,16.0,22.0,1.0,sub019
735,0.4887538060875593,2.0,0.3,0.9,0.6477553728298892,rh,16.0,25.0,1.0,sub019
736,0.7210144624929384,7.0,0.2,0.9,0.35635501320477264,lh,16.0,319.0,1.0,sub002
737,0.48843992869359765,7.0,0.2,0.9,0.20619969366232246,rh,16.0,169.0,1.0,sub002
738,0.5858889221440153,7.0,0.2,0.9,0.5285392823418769,lh,16.0,250.0,1.0,sub003
739,0.4824071416657935,7.0,0.2,0.9,0.34288984544344986,rh,16.0,221.0,1.0,sub003
740,0.49082513523767646,7.0,0.2,0.9,0.33004344098555777,lh,16.0,191.0,1.0,sub004
741,0.4682519099547468,7.0,0.2,0.9,1.0,rh,16.0,191.0,1.0,sub004
742,0.7619120049432911,7.0,0.2,0.9,0.4192627217691717,lh,16.0,257.0,1.0,sub006
743,0.41357626852705237,7.0,0.2,0.9,0.4056691548199463,rh,16.0,234.0,1.0,sub006
744,1.0,7.0,0.2,0.9,0.5437788842735723,lh,16.0,201.0,1.0,sub007
745,0.645909412481219,7.0,0.2,0.9,0.9207589541714245,rh,16.0,343.0,1.0,sub007
746,0.6697410547043882,7.0,0.2,0.9,0.40721818951935423,lh,16.0,257.0,1.0,sub008
747,0.5267563596942395,7.0,0.2,0.9,0.8438682201484837,rh,16.0,435.0,1.0,sub008
748,0.337974210587832,7.0,0.2,0.9,0.3624850810430036,lh,16.0,106.0,1.0,sub009
749,0.5512061136773739,7.0,0.2,0.9,0.9067439482898372,rh,16.0,220.0,1.0,sub009
750,0.5590247055135009,7.0,0.2,0.9,0.36635022479751983,lh,16.0,385.0,1.0,sub010
751,0.5084949486901397,7.0,0.2,0.9,0.758473391398887,rh,16.0,260.0,1.0,sub010
752,0.5640133767063447,7.0,0.2,0.9,0.4569089746891041,lh,16.0,256.0,1.0,sub011
753,0.21197912926052404,7.0,0.2,0.9,0.3772748281841702,rh,16.0,77.0,1.0,sub011
754,0.6619710683830556,7.0,0.2,0.9,0.6257391742657715,lh,16.0,497.0,1.0,sub012
755,0.9154998851112932,7.0,0.2,0.9,0.6106363096586752,rh,16.0,438.0,1.0,sub012
756,1.0,7.0,0.2,0.9,0.6235675722627929,lh,16.0,338.0,1.0,sub013
757,0.6805756558205835,7.0,0.2,0.9,1.0,rh,16.0,318.0,1.0,sub013
758,0.6150296103634169,7.0,0.2,0.9,0.5902074550965041,lh,16.0,320.0,1.0,sub014
759,0.43524020773492966,7.0,0.2,0.9,0.5215063551347496,rh,16.0,250.0,1.0,sub014
760,1.0,7.0,0.2,0.9,0.6413829335630858,lh,16.0,398.0,1.0,sub015
761,0.7604095850722055,7.0,0.2,0.9,1.0,rh,16.0,255.0,1.0,sub015
762,0.6588316633055145,7.0,0.2,0.9,0.5747356337953432,lh,16.0,249.0,1.0,sub017
763,0.6104681290082327,7.0,0.2,0.9,0.6003034266156556,rh,16.0,393.0,1.0,sub017
764,0.5110804865269732,7.0,0.2,0.9,0.7413651085623165,lh,16.0,192.0,1.0,sub018
765,0.49402346564616834,7.0,0.2,0.9,0.8811150336092689,rh,16.0,250.0,1.0,sub018
766,0.8060732083005165,7.0,0.2,0.9,0.296691200640955,lh,16.0,439.0,1.0,sub019
767,0.3862396647233058,7.0,0.2,0.9,0.5634307059100562,rh,16.0,360.0,1.0,sub019
768,1.0,3.0,0.3,0.9,0.3100854040048255,lh,16.0,95.0,1.0,sub002
769,0.7174408683989388,3.0,0.3,0.9,0.3299911874104585,rh,16.0,33.0,1.0,sub002
770,0.6555921583273666,3.0,0.3,0.9,0.25504332408886454,lh,16.0,75.0,1.0,sub003
771,0.4092567433801783,3.0,0.3,0.9,0.30899405149568526,rh,16.0,24.0,1.0,sub003
772,0.7946067606196644,3.0,0.3,0.9,0.6734755176700545,lh,16.0,73.0,1.0,sub004
773,0.42773698413460165,3.0,0.3,0.9,1.0,rh,16.0,45.0,1.0,sub004
774,1.0,3.0,0.3,0.9,0.3523653807797151,lh,16.0,121.0,1.0,sub006
775,0.3457197761266364,3.0,0.3,0.9,0.35862455494450274,rh,16.0,22.0,1.0,sub006
776,1.0,3.0,0.3,0.9,0.24685047181787012,lh,16.0,38.0,1.0,sub007
777,0.21969016958743193,3.0,0.3,0.9,0.7887511318696464,rh,16.0,32.0,1.0,sub007
778,1.0,3.0,0.3,0.9,0.5116160545554082,lh,16.0,73.0,1.0,sub008
779,0.4838535041850578,3.0,0.3,0.9,1.0,rh,16.0,28.0,1.0,sub008
780,0.3925645498239034,3.0,0.3,0.9,0.58245491678568,lh,16.0,75.0,1.0,sub009
781,0.5222892922974937,3.0,0.3,0.9,0.6737872965970192,rh,16.0,39.0,1.0,sub009
782,1.0,3.0,0.3,0.9,0.25905095291981595,lh,16.0,135.0,1.0,sub010
783,0.48644222135660875,3.0,0.3,0.9,0.3941837977978385,rh,16.0,23.0,1.0,sub010
784,1.0,3.0,0.3,0.9,0.4255853657206146,lh,16.0,98.0,1.0,sub011
785,0.34357222058390446,3.0,0.3,0.9,1.0,rh,16.0,21.0,1.0,sub011
786,0.524110770985598,3.0,0.3,0.9,0.2191483032024767,lh,16.0,48.0,1.0,sub012
787,0.34225059383505063,3.0,0.3,0.9,0.6152056564348749,rh,16.0,16.0,1.0,sub012
788,0.9696290081767558,3.0,0.3,0.9,1.0,lh,16.0,103.0,1.0,sub013
789,0.34325104564241266,3.0,0.3,0.9,1.0,rh,16.0,23.0,1.0,sub013
790,1.0,3.0,0.3,0.9,0.6845740649025944,lh,16.0,121.0,1.0,sub014
791,0.7077278575832653,3.0,0.3,0.9,1.0,rh,16.0,57.0,1.0,sub014
792,0.8339449212924809,3.0,0.3,0.9,0.6497325312666618,lh,16.0,95.0,1.0,sub015
793,0.6575889302788639,3.0,0.3,0.9,1.0,rh,16.0,35.0,1.0,sub015
794,1.0,3.0,0.3,0.9,0.5872414972848348,lh,16.0,119.0,1.0,sub017
795,0.6850561009617522,3.0,0.3,0.9,0.6323077918176344,rh,16.0,37.0,1.0,sub017
796,0.9381439250646016,3.0,0.3,0.9,0.6760289104848612,lh,16.0,104.0,1.0,sub018
797,0.2933620621745797,3.0,0.3,0.9,1.0,rh,16.0,28.0,1.0,sub018
798,1.0,3.0,0.3,0.9,0.16521712376143624,lh,16.0,48.0,1.0,sub019
799,0.556238952697453,3.0,0.3,0.9,0.6071471841692697,rh,16.0,50.0,1.0,sub019
800,0.5463333572340799,10.0,0.3,0.9,0.1880477523172427,lh,16.0,351.0,1.0,sub002
801,0.7378828718815674,10.0,0.3,0.9,0.3823909164415718,rh,16.0,184.0,1.0,sub002
802,0.16294235237395935,10.0,0.3,0.9,0.27632782926162397,lh,16.0,148.0,1.0,sub003
803,0.4464347429620159,10.0,0.3,0.9,0.28351081478211854,rh,16.0,129.0,1.0,sub003
804,0.44008102354320244,10.0,0.3,0.9,0.2776183369669051,lh,16.0,378.0,1.0,sub004
805,1.0,10.0,0.3,0.9,0.7788014990278288,rh,16.0,337.0,1.0,sub004
806,0.8678082116386204,10.0,0.3,0.9,0.19470855377869078,lh,16.0,397.0,1.0,sub006
807,0.48400251846539954,10.0,0.3,0.9,0.3064845592019798,rh,16.0,195.0,1.0,sub006
808,1.0,10.0,0.3,0.9,0.38062423704620957,lh,16.0,480.0,1.0,sub007
809,0.5225169155097028,10.0,0.3,0.9,1.0,rh,16.0,298.0,1.0,sub007
810,0.6071191142377959,10.0,0.3,0.9,0.1386795757861127,lh,16.0,159.0,1.0,sub008
811,0.45781401891337553,10.0,0.3,0.9,0.9517142870720954,rh,16.0,230.0,1.0,sub008
812,0.28703618752474097,10.0,0.3,0.9,0.07642035406964945,lh,16.0,41.0,1.0,sub009
813,1.0,10.0,0.3,0.9,0.6653895137393303,rh,16.0,129.0,1.0,sub009
814,0.33812936760247736,10.0,0.3,0.9,0.14601270373365619,lh,16.0,236.0,1.0,sub010
815,0.6427186280260436,10.0,0.3,0.9,0.4941925379687763,rh,16.0,243.0,1.0,sub010
816,0.3891736439897956,10.0,0.3,0.9,0.1471208327217794,lh,16.0,318.0,1.0,sub011
817,0.794935792943526,10.0,0.3,0.9,0.6347835968279422,rh,16.0,307.0,1.0,sub011
818,0.1987992192955645,10.0,0.3,0.9,0.08366665259173105,lh,16.0,225.0,1.0,sub012
819,0.4840620321454547,10.0,0.3,0.9,0.7428112083249009,rh,16.0,260.0,1.0,sub012
820,0.3670875085481789,10.0,0.3,0.9,0.2821918331641779,lh,16.0,319.0,1.0,sub013
821,0.7714834389031383,10.0,0.3,0.9,1.0,rh,16.0,293.0,1.0,sub013
822,0.6534377556988714,10.0,0.3,0.9,0.22415235410285625,lh,16.0,479.0,1.0,sub014
823,0.46553292604867996,10.0,0.3,0.9,0.5351621733723717,rh,16.0,232.0,1.0,sub014
824,0.44476879726761753,10.0,0.3,0.9,0.2149206071235024,lh,16.0,360.0,1.0,sub015
825,0.7312096450488217,10.0,0.3,0.9,1.0,rh,16.0,236.0,1.0,sub015
826,0.46089281028141793,10.0,0.3,0.9,0.3330847987446477,lh,16.0,369.0,1.0,sub017
827,1.0,10.0,0.3,0.9,0.4848321005832135,rh,16.0,378.0,1.0,sub017
828,0.9997720214390716,10.0,0.3,0.9,0.7904568768968555,lh,16.0,513.0,1.0,sub018
829,0.7555102441232945,10.0,0.3,0.9,0.919272451832145,rh,16.0,333.0,1.0,sub018
830,0.4236453248788731,10.0,0.3,0.9,0.25946523863756726,lh,16.0,419.0,1.0,sub019
831,0.6143854036703237,10.0,0.3,0.9,1.0,rh,16.0,366.0,1.0,sub019
832,0.6500763725133305,10.0,0.2,0.9,0.3279871212658032,lh,16.0,310.0,1.0,sub002
833,0.4586199297979561,10.0,0.2,0.9,0.21187959942994525,rh,16.0,156.0,1.0,sub002
834,0.599203600619014,10.0,0.2,0.9,0.5356870105717205,lh,16.0,248.0,1.0,sub003
835,0.4388010744532129,10.0,0.2,0.9,0.314841868661258,rh,16.0,201.0,1.0,sub003
836,0.5010578616555844,10.0,0.2,0.9,0.35752243734852424,lh,16.0,211.0,1.0,sub004
837,0.5053709040828005,10.0,0.2,0.9,1.0,rh,16.0,276.0,1.0,sub004
838,0.7543405705759377,10.0,0.2,0.9,0.4014760671166198,lh,16.0,244.0,1.0,sub006
839,0.412771360550962,10.0,0.2,0.9,0.3918109934437869,rh,16.0,246.0,1.0,sub006
840,1.0,10.0,0.2,0.9,0.5776184578323869,lh,16.0,229.0,1.0,sub007
841,0.6431319071001884,10.0,0.2,0.9,0.7565605287462397,rh,16.0,314.0,1.0,sub007
842,0.5665008664997295,10.0,0.2,0.9,0.36714159502044635,lh,16.0,233.0,1.0,sub008
843,0.5281201325277965,10.0,0.2,0.9,0.7156516012945155,rh,16.0,410.0,1.0,sub008
844,0.33052591065712883,10.0,0.2,0.9,0.33830811470241307,lh,16.0,106.0,1.0,sub009
845,0.502063300033723,10.0,0.2,0.9,0.7964069353597302,rh,16.0,208.0,1.0,sub009
846,0.5446395568620346,10.0,0.2,0.9,0.351024677753533,lh,16.0,379.0,1.0,sub010
847,0.46231289475304205,10.0,0.2,0.9,0.731906102662521,rh,16.0,232.0,1.0,sub010
848,0.5043910137726155,10.0,0.2,0.9,0.43380748228202404,lh,16.0,242.0,1.0,sub011
849,0.32239065988542354,10.0,0.2,0.9,0.5731577478886217,rh,16.0,159.0,1.0,sub011
850,0.5554968110604981,10.0,0.2,0.9,0.5671298879584649,lh,16.0,441.0,1.0,sub012
851,0.8336764701193335,10.0,0.2,0.9,0.5633806531082901,rh,16.0,416.0,1.0,sub012
852,0.8849009087835292,10.0,0.2,0.9,0.5443064958066149,lh,16.0,310.0,1.0,sub013
853,0.7422012387598498,10.0,0.2,0.9,0.915494159802182,rh,16.0,332.0,1.0,sub013
854,0.5534289966558443,10.0,0.2,0.9,0.5640070365549186,lh,16.0,308.0,1.0,sub014
855,0.4091102243205534,10.0,0.2,0.9,0.36928264141262923,rh,16.0,230.0,1.0,sub014
856,1.0,10.0,0.2,0.9,0.6474825159611691,lh,16.0,420.0,1.0,sub015
857,0.7423447491566515,10.0,0.2,0.9,0.9325615446958677,rh,16.0,267.0,1.0,sub015
858,0.6547977959486918,10.0,0.2,0.9,0.5198663419304557,lh,16.0,217.0,1.0,sub017
859,0.9233859057290769,10.0,0.2,0.9,0.6701753313539414,rh,16.0,575.0,1.0,sub017
860,0.5555745391125069,10.0,0.2,0.9,0.8041866574350822,lh,16.0,206.0,1.0,sub018
861,0.6358373117152641,10.0,0.2,0.9,0.9277141084804769,rh,16.0,299.0,1.0,sub018
862,0.7835185908561826,10.0,0.2,0.9,0.27466017338006776,lh,16.0,422.0,1.0,sub019
863,0.3981081419043315,10.0,0.2,0.9,0.551165013553559,rh,16.0,351.0,1.0,sub019
864,1.0,1.0,0.1,0.9,0.9413576013306049,lh,16.0,144.0,1.0,sub002
865,0.3127056264172999,1.0,0.1,0.9,0.6788166302588964,rh,16.0,90.0,1.0,sub002
866,0.4133100623865697,1.0,0.1,0.9,0.28995098428197014,lh,16.0,51.0,1.0,sub003
867,0.17381984292369973,1.0,0.1,0.9,0.49692981385377816,rh,16.0,61.0,1.0,sub003
868,0.24986866896626175,1.0,0.1,0.9,0.49886367300736706,lh,16.0,34.0,1.0,sub004
869,0.1498169692085166,1.0,0.1,0.9,1.0,rh,16.0,37.0,1.0,sub004
870,0.9023366348037816,1.0,0.1,0.9,1.0,lh,16.0,113.0,1.0,sub006
871,0.2054085043224892,1.0,0.1,0.9,1.0,rh,16.0,87.0,1.0,sub006
872,1.0,1.0,0.1,0.9,0.6793776844134446,lh,16.0,37.0,1.0,sub007
873,0.24614424331644918,1.0,0.1,0.9,1.0,rh,16.0,38.0,1.0,sub007
874,0.4016341036885544,1.0,0.1,0.9,0.3576906595699433,lh,16.0,56.0,1.0,sub008
875,0.13900257813441086,1.0,0.1,0.9,1.0,rh,16.0,62.0,1.0,sub008
876,0.3990763193117281,1.0,0.1,0.9,0.7397300620926521,lh,16.0,59.0,1.0,sub009
877,0.13844633067481324,1.0,0.1,0.9,1.0,rh,16.0,44.0,1.0,sub009
878,0.6758091480285279,1.0,0.1,0.9,0.2854059004554874,lh,16.0,57.0,1.0,sub010
879,0.21992362612277783,1.0,0.1,0.9,0.6301828938052699,rh,16.0,68.0,1.0,sub010
880,1.0,1.0,0.1,0.9,0.649594158844928,lh,16.0,48.0,1.0,sub011
881,0.09768754531517496,1.0,0.1,0.9,0.6640097198282223,rh,16.0,9.0,1.0,sub011
882,0.4699755837568861,1.0,0.1,0.9,0.2155866860788016,lh,16.0,52.0,1.0,sub012
883,0.29532173803185646,1.0,0.1,0.9,1.0,rh,16.0,97.0,1.0,sub012
884,0.6167417324659862,1.0,0.1,0.9,0.6853226231133581,lh,16.0,120.0,1.0,sub013
885,0.132554065911082,1.0,0.1,0.9,1.0,rh,16.0,36.0,1.0,sub013
886,0.625271100802249,1.0,0.1,0.9,0.46135066930546315,lh,16.0,85.0,1.0,sub014
887,0.20438569790330519,1.0,0.1,0.9,1.0,rh,16.0,63.0,1.0,sub014
888,0.7147722853915549,1.0,0.1,0.9,0.5832437477156173,lh,16.0,113.0,1.0,sub015
889,0.4042912846312911,1.0,0.1,0.9,1.0,rh,16.0,66.0,1.0,sub015
890,0.8271994363208898,1.0,0.1,0.9,0.6598066220240473,lh,16.0,79.0,1.0,sub017
891,0.2088089333073235,1.0,0.1,0.9,0.37634033807520495,rh,16.0,49.0,1.0,sub017
892,0.5499933644731383,1.0,0.1,0.9,1.0,lh,16.0,52.0,1.0,sub018
893,0.11275043134188273,1.0,0.1,0.9,0.9917867843160236,rh,16.0,42.0,1.0,sub018
894,1.0,1.0,0.1,0.9,0.17524823879200785,lh,16.0,32.0,1.0,sub019
895,0.19972853537929097,1.0,0.1,0.9,0.7058270558953692,rh,16.0,49.0,1.0,sub019
896,0.10256313481915924,0.0,0.1,0.9,0.4258668986195359,lh,16.0,23.0,1.0,sub002
897,0.04234807497454156,0.0,0.1,0.9,0.25645767086078164,rh,16.0,10.0,1.0,sub002
898,0.012126090440057925,0.0,0.1,0.9,0.05965676085732452,lh,16.0,3.0,1.0,sub003
899,0.009349951992194652,0.0,0.1,0.9,0.09679542324106952,rh,16.0,4.0,1.0,sub003
900,0.04286130407207712,0.0,0.1,0.9,0.2049406805267388,lh,16.0,9.0,1.0,sub004
901,0.3001543439988177,0.0,0.1,0.9,0.2418125673529769,rh,16.0,8.0,1.0,sub004
902,0.40453935677275044,0.0,0.1,0.9,0.28237481281016685,lh,16.0,8.0,1.0,sub006
903,0.05251200495342577,0.0,0.1,0.9,0.6059157950815673,rh,16.0,21.0,1.0,sub006
904,0.10083580300389372,0.0,0.1,0.9,0.5277500376833536,lh,16.0,18.0,1.0,sub007
905,1.0,0.0,0.1,0.9,0.613805125517662,rh,16.0,14.0,1.0,sub007
906,0.2762823284628608,0.0,0.1,0.9,0.4338698568126076,lh,16.0,8.0,1.0,sub008
907,0.012129031144088642,0.0,0.1,0.9,0.1329176773966118,rh,16.0,5.0,1.0,sub008
908,0.25906900120346066,0.0,0.1,0.9,0.20878444019179235,lh,16.0,10.0,1.0,sub009
909,0.21291145526222255,0.0,0.1,0.9,1.0,rh,16.0,6.0,1.0,sub009
910,0.08416893093609273,0.0,0.1,0.9,0.06286354389987442,lh,16.0,7.0,1.0,sub010
911,0.055947013108268585,0.0,0.1,0.9,0.014609433886700598,rh,16.0,2.0,1.0,sub010
912,0.28913663542343304,0.0,0.1,0.9,0.660321292482978,lh,16.0,7.0,1.0,sub011
913,0.008844571799738389,0.0,0.1,0.9,0.205357736778483,rh,16.0,2.0,1.0,sub011
914,0.010905875255331975,0.0,0.1,0.9,0.0488230027519938,lh,16.0,3.0,1.0,sub012
915,0.09690616452997912,0.0,0.1,0.9,0.47688102206067556,rh,16.0,28.0,1.0,sub012
916,0.0,0.0,0.1,0.9,0.03832797247503483,lh,16.0,9.0,1.0,sub013
917,0.43965094319545794,0.0,0.1,0.9,0.7113094631778173,rh,16.0,21.0,1.0,sub013
918,0.33315350308096436,0.0,0.1,0.9,0.08024765177493108,lh,16.0,5.0,1.0,sub014
919,0.10362912005559317,0.0,0.1,0.9,1.0,rh,16.0,12.0,1.0,sub014
920,0.06542816444983948,0.0,0.1,0.9,0.14663071294216648,lh,16.0,11.0,1.0,sub015
921,0.03064733797283088,0.0,0.1,0.9,0.6280743401366896,rh,16.0,21.0,1.0,sub015
922,0.7325852785160804,0.0,0.1,0.9,1.0,lh,16.0,14.0,1.0,sub017
923,0.04759536184267639,0.0,0.1,0.9,0.402325946948598,rh,16.0,11.0,1.0,sub017
924,0.11892827127626228,0.0,0.1,0.9,0.010457037325706312,lh,16.0,4.0,1.0,sub018
925,0.0,0.0,0.1,0.9,0.4645891228685376,rh,16.0,12.0,1.0,sub018
926,1.0,0.0,0.1,0.9,0.08401096646255858,lh,16.0,8.0,1.0,sub019
927,0.0002662591456044569,0.0,0.1,0.9,0.3680901792497316,rh,16.0,7.0,1.0,sub019
928,0.6379135845484203,2.0,0.1,0.9,0.6233810725234916,lh,16.0,248.0,1.0,sub002
929,0.6155948311254082,2.0,0.1,0.9,0.4993951991509691,rh,16.0,283.0,1.0,sub002
930,0.4312678579030016,2.0,0.1,0.9,0.4483088618988369,lh,16.0,184.0,1.0,sub003
931,0.45122222372337123,2.0,0.1,0.9,0.6113912788096095,rh,16.0,233.0,1.0,sub003
932,0.6891056644076952,2.0,0.1,0.9,0.45193306148024115,lh,16.0,113.0,1.0,sub004
933,0.22411117283793935,2.0,0.1,0.9,1.0,rh,16.0,76.0,1.0,sub004
934,0.3941903944871779,2.0,0.1,0.9,0.6918844296649037,lh,16.0,167.0,1.0,sub006
935,0.32328422828072556,2.0,0.1,0.9,0.5855541470352447,rh,16.0,182.0,1.0,sub006
936,0.7856967147675481,2.0,0.1,0.9,1.0,lh,16.0,132.0,1.0,sub007
937,0.34243741724390164,2.0,0.1,0.9,1.0,rh,16.0,130.0,1.0,sub007
938,0.7723848512766708,2.0,0.1,0.9,0.4521202241493649,lh,16.0,289.0,1.0,sub008
939,0.3050663843812217,2.0,0.1,0.9,1.0,rh,16.0,196.0,1.0,sub008
940,0.23930320490592313,2.0,0.1,0.9,0.35675446175323733,lh,16.0,66.0,1.0,sub009
941,0.2635411489918172,2.0,0.1,0.9,1.0,rh,16.0,117.0,1.0,sub009
942,0.6803421267919821,2.0,0.1,0.9,0.4228965788702658,lh,16.0,220.0,1.0,sub010
943,0.45823988171987107,2.0,0.1,0.9,1.0,rh,16.0,233.0,1.0,sub010
944,0.6972981295653554,2.0,0.1,0.9,0.8632572490113017,lh,16.0,192.0,1.0,sub011
945,0.0697065356214396,2.0,0.1,0.9,0.27086351183659596,rh,16.0,8.0,1.0,sub011
946,0.7715718819239599,2.0,0.1,0.9,0.5588652005832022,lh,16.0,343.0,1.0,sub012
947,0.40042479997373276,2.0,0.1,0.9,0.5824332317767109,rh,16.0,187.0,1.0,sub012
948,0.9203340323521756,2.0,0.1,0.9,0.8938456842439667,lh,16.0,281.0,1.0,sub013
949,0.3277408034227649,2.0,0.1,0.9,1.0,rh,16.0,147.0,1.0,sub013
950,0.5816976448798011,2.0,0.1,0.9,0.6149268561902687,lh,16.0,261.0,1.0,sub014
951,0.4330750155148635,2.0,0.1,0.9,1.0,rh,16.0,231.0,1.0,sub014
952,1.0,2.0,0.1,0.9,0.5319457218882796,lh,16.0,280.0,1.0,sub015
953,0.5474762285809408,2.0,0.1,0.9,1.0,rh,16.0,155.0,1.0,sub015
954,1.0,2.0,0.1,0.9,0.36964130075603174,lh,16.0,122.0,1.0,sub017
955,0.5017012388794757,2.0,0.1,0.9,0.4113938248129676,rh,16.0,139.0,1.0,sub017
956,0.5584595700433627,2.0,0.1,0.9,0.5473389128133412,lh,16.0,131.0,1.0,sub018
957,0.2102617583969754,2.0,0.1,0.9,0.949470987014562,rh,16.0,120.0,1.0,sub018
958,1.0,2.0,0.1,0.9,0.31684491647428525,lh,16.0,246.0,1.0,sub019
959,0.4700516543177887,2.0,0.1,0.9,0.7984945458253485,rh,16.0,360.0,1.0,sub019
960,0.5501220564612375,3.0,0.1,0.9,0.41443982163953175,lh,16.0,264.0,1.0,sub002
961,0.5332877356804405,3.0,0.1,0.9,0.33730966925429107,rh,16.0,232.0,1.0,sub002
962,0.4678181381568303,3.0,0.1,0.9,0.48897448085181605,lh,16.0,237.0,1.0,sub003
963,0.4858927863805918,3.0,0.1,0.9,0.517250884303871,rh,16.0,280.0,1.0,sub003
964,0.601133979206936,3.0,0.1,0.9,0.37338532825229515,lh,16.0,158.0,1.0,sub004
965,0.37948940167825934,3.0,0.1,0.9,1.0,rh,16.0,129.0,1.0,sub004
966,0.362064285095351,3.0,0.1,0.9,0.44006835283157986,lh,16.0,166.0,1.0,sub006
967,0.3179990775770261,3.0,0.1,0.9,0.40674734160220977,rh,16.0,186.0,1.0,sub006
968,0.910824439224033,3.0,0.1,0.9,1.0,lh,16.0,222.0,1.0,sub007
969,0.4380233830916887,3.0,0.1,0.9,1.0,rh,16.0,238.0,1.0,sub007
970,0.5138255783696329,3.0,0.1,0.9,0.33017109420512436,lh,16.0,226.0,1.0,sub008
971,0.39053279433562493,3.0,0.1,0.9,0.7721366844760671,rh,16.0,336.0,1.0,sub008
972,0.29147113401829616,3.0,0.1,0.9,0.2976231551148328,lh,16.0,77.0,1.0,sub009
973,0.4068117501310975,3.0,0.1,0.9,1.0,rh,16.0,203.0,1.0,sub009
974,0.4754524349791736,3.0,0.1,0.9,0.38289063074708074,lh,16.0,282.0,1.0,sub010
975,0.507470131743556,3.0,0.1,0.9,0.9964295690780175,rh,16.0,302.0,1.0,sub010
976,0.5055280843128322,3.0,0.1,0.9,0.44330433771659894,lh,16.0,203.0,1.0,sub011
977,0.08642063901384009,3.0,0.1,0.9,0.2560470963211827,rh,16.0,12.0,1.0,sub011
978,0.6253985836429314,3.0,0.1,0.9,0.5169978473542979,lh,16.0,396.0,1.0,sub012
979,0.5925946985115575,3.0,0.1,0.9,0.5033590887074826,rh,16.0,305.0,1.0,sub012
980,0.8452912447180604,3.0,0.1,0.9,0.6648399944259559,lh,16.0,299.0,1.0,sub013
981,0.5362996452090373,3.0,0.1,0.9,1.0,rh,16.0,252.0,1.0,sub013
982,0.5036321173739504,3.0,0.1,0.9,0.5194959255105615,lh,16.0,291.0,1.0,sub014
983,0.5731925641519245,3.0,0.1,0.9,1.0,rh,16.0,327.0,1.0,sub014
984,1.0,3.0,0.1,0.9,0.56773525396941,lh,16.0,362.0,1.0,sub015
985,0.7028028501868774,3.0,0.1,0.9,1.0,rh,16.0,223.0,1.0,sub015
986,0.9666209832529594,3.0,0.1,0.9,0.48645126031423447,lh,16.0,223.0,1.0,sub017
987,0.6510953688275397,3.0,0.1,0.9,0.4911950342249033,rh,16.0,273.0,1.0,sub017
988,0.45685121216661645,3.0,0.1,0.9,0.6319528200505482,lh,16.0,187.0,1.0,sub018
989,0.39874251896353463,3.0,0.1,0.9,0.984047297606353,rh,16.0,242.0,1.0,sub018
990,0.7589139546665413,3.0,0.1,0.9,0.3390843070839713,lh,16.0,362.0,1.0,sub019
991,0.416275026803713,3.0,0.1,0.9,0.7271073714530487,rh,16.0,375.0,1.0,sub019
992,0.5294591155712344,7.0,0.1,0.9,0.2967379826661672,lh,16.0,305.0,1.0,sub002
993,0.41053000613989954,7.0,0.1,0.9,0.24517624574422675,rh,16.0,147.0,1.0,sub002
994,0.5636014132126388,7.0,0.1,0.9,0.5523156495629671,lh,16.0,274.0,1.0,sub003
995,0.38279080227815204,7.0,0.1,0.9,0.31099000973952134,rh,16.0,205.0,1.0,sub003
996,0.4385802382468241,7.0,0.1,0.9,0.3461077315895829,lh,16.0,194.0,1.0,sub004
997,0.3687897194105744,7.0,0.1,0.9,1.0,rh,16.0,223.0,1.0,sub004
998,0.52702502283909,7.0,0.1,0.9,0.3775420360283249,lh,16.0,188.0,1.0,sub006
999,0.3961526519452174,7.0,0.1,0.9,0.3862760496323026,rh,16.0,231.0,1.0,sub006
1000,1.0,7.0,0.1,0.9,0.652154753950398,lh,16.0,265.0,1.0,sub007
1001,0.6361569524647595,7.0,0.1,0.9,0.7414993041579807,rh,16.0,310.0,1.0,sub007
1002,0.434117944062053,7.0,0.1,0.9,0.2950919787261152,lh,16.0,174.0,1.0,sub008
1003,0.45230987942690704,7.0,0.1,0.9,0.5812823956761602,rh,16.0,327.0,1.0,sub008
1004,0.31264435035592536,7.0,0.1,0.9,0.2754377235345298,lh,16.0,101.0,1.0,sub009
1005,0.45297937882407513,7.0,0.1,0.9,0.7139765033802962,rh,16.0,188.0,1.0,sub009
1006,0.4091100168962444,7.0,0.1,0.9,0.3301343460029368,lh,16.0,311.0,1.0,sub010
1007,0.46508163356847554,7.0,0.1,0.9,0.8767808933321773,rh,16.0,249.0,1.0,sub010
1008,0.40009954303472967,7.0,0.1,0.9,0.36210273239305973,lh,16.0,211.0,1.0,sub011
1009,0.26696130178478633,7.0,0.1,0.9,0.5809646857339266,rh,16.0,107.0,1.0,sub011
1010,0.45113150468444463,7.0,0.1,0.9,0.45562000056536406,lh,16.0,351.0,1.0,sub012
1011,0.5837283125070337,7.0,0.1,0.9,0.4445843888346211,rh,16.0,320.0,1.0,sub012
1012,0.6507842735691912,7.0,0.1,0.9,0.2794645301883775,lh,16.0,263.0,1.0,sub013
1013,0.7479586345946136,7.0,0.1,0.9,0.858224216665359,rh,16.0,327.0,1.0,sub013
1014,0.5413085447584088,7.0,0.1,0.9,0.5497285503867669,lh,16.0,323.0,1.0,sub014
1015,0.4416110804132307,7.0,0.1,0.9,0.46318416692587816,rh,16.0,224.0,1.0,sub014
1016,1.0,7.0,0.1,0.9,0.6227526543649934,lh,16.0,427.0,1.0,sub015
1017,0.7305219713491208,7.0,0.1,0.9,0.9542127783122321,rh,16.0,256.0,1.0,sub015
1018,0.8316416590541652,7.0,0.1,0.9,0.41995356994126487,lh,16.0,178.0,1.0,sub017
1019,0.7287263932635248,7.0,0.1,0.9,0.6042812997528797,rh,16.0,457.0,1.0,sub017
1020,0.5028216797224083,7.0,0.1,0.9,0.7882229907296768,lh,16.0,219.0,1.0,sub018
1021,0.6070705530498008,7.0,0.1,0.9,0.8140878338146749,rh,16.0,280.0,1.0,sub018
1022,0.8162129335485344,7.0,0.1,0.9,0.3120038481704863,lh,16.0,439.0,1.0,sub019
1023,0.42350325611289097,7.0,0.1,0.9,0.5585035600066183,rh,16.0,363.0,1.0,sub019
1024,0.5317845792777447,4.0,0.1,0.9,0.3383483782582443,lh,16.0,282.0,1.0,sub002
1025,0.4622772265545487,4.0,0.1,0.9,0.27973383865607093,rh,16.0,187.0,1.0,sub002
1026,0.5185750431370334,4.0,0.1,0.9,0.5192156053091662,lh,16.0,259.0,1.0,sub003
1027,0.43841803972567983,4.0,0.1,0.9,0.3949904373885868,rh,16.0,246.0,1.0,sub003
1028,0.5207816341129365,4.0,0.1,0.9,0.3552980624491373,lh,16.0,165.0,1.0,sub004
1029,0.3619218431485352,4.0,0.1,0.9,1.0,rh,16.0,150.0,1.0,sub004
1030,0.4213974095181482,4.0,0.1,0.9,0.40785868734676756,lh,16.0,171.0,1.0,sub006
1031,0.341793710023357,4.0,0.1,0.9,0.35528489785294215,rh,16.0,206.0,1.0,sub006
1032,0.9686054924294386,4.0,0.1,0.9,1.0,lh,16.0,254.0,1.0,sub007
1033,0.6082371406775298,4.0,0.1,0.9,1.0,rh,16.0,334.0,1.0,sub007
1034,0.4341739642177129,4.0,0.1,0.9,0.3002725148757944,lh,16.0,195.0,1.0,sub008
1035,0.39242239605390117,4.0,0.1,0.9,0.6335991919416126,rh,16.0,315.0,1.0,sub008
1036,0.30787971100393985,4.0,0.1,0.9,0.28409651844996286,lh,16.0,85.0,1.0,sub009
1037,0.4529414215777826,4.0,0.1,0.9,0.9205750408433742,rh,16.0,217.0,1.0,sub009
1038,0.47254896833879845,4.0,0.1,0.9,0.35594322439303716,lh,16.0,292.0,1.0,sub010
1039,0.48762480196730645,4.0,0.1,0.9,0.9429054761111272,rh,16.0,293.0,1.0,sub010
1040,0.503519400579562,4.0,0.1,0.9,0.35106767612995793,lh,16.0,197.0,1.0,sub011
1041,0.1143505549357196,4.0,0.1,0.9,0.3005452867451808,rh,16.0,24.0,1.0,sub011
1042,0.5575339017576038,4.0,0.1,0.9,0.46710474219504866,lh,16.0,364.0,1.0,sub012
1043,0.5867718979526211,4.0,0.1,0.9,0.4245997666980333,rh,16.0,294.0,1.0,sub012
1044,0.7179814423553038,4.0,0.1,0.9,0.3597676978036023,lh,16.0,277.0,1.0,sub013
1045,0.6780508512979637,4.0,0.1,0.9,1.0,rh,16.0,321.0,1.0,sub013
1046,0.5102106872113684,4.0,0.1,0.9,0.525722430762911,lh,16.0,308.0,1.0,sub014
1047,0.5448316704019522,4.0,0.1,0.9,0.8187343102056241,rh,16.0,285.0,1.0,sub014
1048,1.0,4.0,0.1,0.9,0.5931302624289657,lh,16.0,391.0,1.0,sub015
1049,0.7675755500106501,4.0,0.1,0.9,1.0,rh,16.0,250.0,1.0,sub015
1050,0.8500113495787902,4.0,0.1,0.9,0.4340511285398877,lh,16.0,192.0,1.0,sub017
1051,0.5433648219519847,4.0,0.1,0.9,0.567543110243516,rh,16.0,338.0,1.0,sub017
1052,0.4833288284366124,4.0,0.1,0.9,0.6686250394268141,lh,16.0,197.0,1.0,sub018
1053,0.4847670216889783,4.0,0.1,0.9,0.9220118483839909,rh,16.0,267.0,1.0,sub018
1054,0.7672643114802578,4.0,0.1,0.9,0.330067180057789,lh,16.0,397.0,1.0,sub019
1055,0.40296538138495686,4.0,0.1,0.9,0.655246924141899,rh,16.0,374.0,1.0,sub019
1056,0.6243250848768441,10.0,0.15,0.9,0.3297770435118726,lh,16.0,330.0,1.0,sub002
1057,0.42307863841394805,10.0,0.15,0.9,0.22318322458682893,rh,16.0,145.0,1.0,sub002
1058,0.5906129928786321,10.0,0.15,0.9,0.5443287489523323,lh,16.0,258.0,1.0,sub003
1059,0.40421568077057707,10.0,0.15,0.9,0.30279082074782904,rh,16.0,193.0,1.0,sub003
1060,0.4819780593186085,10.0,0.15,0.9,0.36880569599509744,lh,16.0,218.0,1.0,sub004
1061,0.47129455551037946,10.0,0.15,0.9,1.0,rh,16.0,283.0,1.0,sub004
1062,0.6591772319033546,10.0,0.15,0.9,0.38738113901508264,lh,16.0,211.0,1.0,sub006
1063,0.41374206403331815,10.0,0.15,0.9,0.385736870171364,rh,16.0,244.0,1.0,sub006
1064,1.0,10.0,0.15,0.9,0.6178887341750317,lh,16.0,242.0,1.0,sub007
1065,0.6424154479201455,10.0,0.15,0.9,0.7103163720725221,rh,16.0,308.0,1.0,sub007
1066,0.47310245129295414,10.0,0.15,0.9,0.3264008836356227,lh,16.0,192.0,1.0,sub008
1067,0.5045244538093376,10.0,0.15,0.9,0.6352991390104158,rh,16.0,376.0,1.0,sub008
1068,0.32303161945602993,10.0,0.15,0.9,0.30179790649611077,lh,16.0,103.0,1.0,sub009
1069,0.4576663585040398,10.0,0.15,0.9,0.7350519025324914,rh,16.0,188.0,1.0,sub009
1070,0.48495375239821054,10.0,0.15,0.9,0.33878316088835614,lh,16.0,347.0,1.0,sub010
1071,0.44158470597588473,10.0,0.15,0.9,0.7762309894684363,rh,16.0,230.0,1.0,sub010
1072,0.44359766557822744,10.0,0.15,0.9,0.40924504162375414,lh,16.0,233.0,1.0,sub011
1073,0.3403131333910049,10.0,0.15,0.9,0.57718940169188,rh,16.0,160.0,1.0,sub011
1074,0.4816989185987397,10.0,0.15,0.9,0.5045153937357404,lh,16.0,393.0,1.0,sub012
1075,0.7088301148546975,10.0,0.15,0.9,0.5071338892888985,rh,16.0,365.0,1.0,sub012
1076,0.7588414726979473,10.0,0.15,0.9,0.4017779232016635,lh,16.0,282.0,1.0,sub013
1077,0.743046142872915,10.0,0.15,0.9,0.8443771831427174,rh,16.0,317.0,1.0,sub013
1078,0.5729981480920209,10.0,0.15,0.9,0.594706985429783,lh,16.0,329.0,1.0,sub014
1079,0.41906286377685614,10.0,0.15,0.9,0.35555684144992583,rh,16.0,223.0,1.0,sub014
1080,1.0,10.0,0.15,0.9,0.6436885771666653,lh,16.0,426.0,1.0,sub015
1081,0.7200437643138612,10.0,0.15,0.9,0.8997477012847067,rh,16.0,249.0,1.0,sub015
1082,0.7179890790173439,10.0,0.15,0.9,0.46349334104422407,lh,16.0,193.0,1.0,sub017
1083,0.9389437502229115,10.0,0.15,0.9,0.6576170261103539,rh,16.0,587.0,1.0,sub017
1084,0.5558303669652657,10.0,0.15,0.9,0.82800208526822,lh,16.0,217.0,1.0,sub018
1085,0.7245659240522418,10.0,0.15,0.9,0.961894946342384,rh,16.0,330.0,1.0,sub018
1086,0.8305063391306023,10.0,0.15,0.9,0.296886640973788,lh,16.0,454.0,1.0,sub019
1087,0.41292814352927354,10.0,0.15,0.9,0.5406841538349112,rh,16.0,349.0,1.0,sub019
1088,0.2971481088432845,20.0,0.1,0.9,0.09879638779536226,lh,16.0,236.0,1.0,sub002
1089,1.0,20.0,0.1,0.9,0.4779410662447284,rh,16.0,334.0,1.0,sub002
1090,0.13963138783815496,20.0,0.1,0.9,0.16650295151209532,lh,16.0,172.0,1.0,sub003
1091,0.4730948422630646,20.0,0.1,0.9,0.2982220007052336,rh,16.0,207.0,1.0,sub003
1092,0.41097836289425127,20.0,0.1,0.9,0.2275607373165034,lh,16.0,378.0,1.0,sub004
1093,1.0,20.0,0.1,0.9,0.6640143875761788,rh,16.0,380.0,1.0,sub004
1094,0.9364925310272183,20.0,0.1,0.9,0.30259176361718615,lh,16.0,528.0,1.0,sub006
1095,0.6248362944947857,20.0,0.1,0.9,0.4093614310774288,rh,16.0,338.0,1.0,sub006
1096,0.9074170679600269,20.0,0.1,0.9,0.3287691072815119,lh,16.0,569.0,1.0,sub007
1097,0.6078106255312113,20.0,0.1,0.9,1.0,rh,16.0,412.0,1.0,sub007
1098,0.5598552781084335,20.0,0.1,0.9,0.19254449087036202,lh,16.0,304.0,1.0,sub008
1099,0.47017274928925584,20.0,0.1,0.9,0.7158893721865156,rh,16.0,336.0,1.0,sub008
1100,0.29825193367554076,20.0,0.1,0.9,0.10892351198624381,lh,16.0,72.0,1.0,sub009
1101,0.7919305639698546,20.0,0.1,0.9,1.0,rh,16.0,187.0,1.0,sub009
1102,0.311226817292796,20.0,0.1,0.9,0.07402106262995717,lh,16.0,249.0,1.0,sub010
1103,0.6394904420885454,20.0,0.1,0.9,0.43557267282248596,rh,16.0,330.0,1.0,sub010
1104,0.6199995161349344,20.0,0.1,0.9,0.19585357315715132,lh,16.0,530.0,1.0,sub011
1105,0.9356431954001272,20.0,0.1,0.9,0.9012378571609604,rh,16.0,485.0,1.0,sub011
1106,0.21696782789584396,20.0,0.1,0.9,0.1110505675209641,lh,16.0,310.0,1.0,sub012
1107,0.5408801462773675,20.0,0.1,0.9,0.8279400444328785,rh,16.0,359.0,1.0,sub012
1108,0.3309010296426599,20.0,0.1,0.9,0.27667224914313193,lh,16.0,296.0,1.0,sub013
1109,0.8194568934327996,20.0,0.1,0.9,1.0,rh,16.0,416.0,1.0,sub013
1110,0.4315749383711537,20.0,0.1,0.9,0.26684319647517724,lh,16.0,513.0,1.0,sub014
1111,0.6575215793167468,20.0,0.1,0.9,0.583278691877345,rh,16.0,361.0,1.0,sub014
1112,0.27474701565950943,20.0,0.1,0.9,0.24422255832202583,lh,16.0,284.0,1.0,sub015
1113,0.881602493795808,20.0,0.1,0.9,1.0,rh,16.0,355.0,1.0,sub015
1114,0.4316954690869396,20.0,0.1,0.9,0.24127066821983573,lh,16.0,391.0,1.0,sub017
1115,1.0,20.0,0.1,0.9,0.37055742760650734,rh,16.0,456.0,1.0,sub017
1116,0.7622167082651784,20.0,0.1,0.9,0.4632204078185132,lh,16.0,427.0,1.0,sub018
1117,0.9888239214337343,20.0,0.1,0.9,0.9752853969522324,rh,16.0,479.0,1.0,sub018
1118,0.3954985150600747,20.0,0.1,0.9,0.1542744872332346,lh,16.0,376.0,1.0,sub019
1119,0.7417880542003547,20.0,0.1,0.9,1.0,rh,16.0,502.0,1.0,sub019
1120,0.5273718319329372,5.0,0.1,0.9,0.3037187447825248,lh,16.0,290.0,1.0,sub002
1121,0.4328830600405649,5.0,0.1,0.9,0.2573553904647851,rh,16.0,169.0,1.0,sub002
1122,0.5433611203761046,5.0,0.1,0.9,0.5373762283033614,lh,16.0,272.0,1.0,sub003
1123,0.41253782880828227,5.0,0.1,0.9,0.3391598374030591,rh,16.0,224.0,1.0,sub003
1124,0.4858473670366799,5.0,0.1,0.9,0.3562993904497612,lh,16.0,182.0,1.0,sub004
1125,0.3525633712272833,5.0,0.1,0.9,1.0,rh,16.0,165.0,1.0,sub004
1126,0.4713012887903135,5.0,0.1,0.9,0.3914869345372573,lh,16.0,183.0,1.0,sub006
1127,0.3671690130571346,5.0,0.1,0.9,0.3645770926844107,rh,16.0,220.0,1.0,sub006
1128,1.0,5.0,0.1,0.9,0.8192495191608109,lh,16.0,261.0,1.0,sub007
1129,0.6522953496204568,5.0,0.1,0.9,0.905793117776053,rh,16.0,353.0,1.0,sub007
1130,0.4282130806978717,5.0,0.1,0.9,0.29581789493611305,lh,16.0,184.0,1.0,sub008
1131,0.41903169393645767,5.0,0.1,0.9,0.60316189627247,rh,16.0,322.0,1.0,sub008
1132,0.30125614266333084,5.0,0.1,0.9,0.28056127777225387,lh,16.0,95.0,1.0,sub009
1133,0.4304636453631064,5.0,0.1,0.9,0.7970079871669498,rh,16.0,206.0,1.0,sub009
1134,0.44086260321063103,5.0,0.1,0.9,0.34200363549372975,lh,16.0,303.0,1.0,sub010
1135,0.5002812012602789,5.0,0.1,0.9,0.965996499566974,rh,16.0,300.0,1.0,sub010
1136,0.4276282392727043,5.0,0.1,0.9,0.3509130378982388,lh,16.0,203.0,1.0,sub011
1137,0.1647967861694439,5.0,0.1,0.9,0.36960568609950273,rh,16.0,50.0,1.0,sub011
1138,0.5107330304576979,5.0,0.1,0.9,0.4576592893085791,lh,16.0,363.0,1.0,sub012
1139,0.592117464419196,5.0,0.1,0.9,0.42478438974475224,rh,16.0,301.0,1.0,sub012
1140,0.6735969972343263,5.0,0.1,0.9,0.2885117360853535,lh,16.0,271.0,1.0,sub013
1141,0.7707249756524623,5.0,0.1,0.9,1.0,rh,16.0,357.0,1.0,sub013
1142,0.5195647607537053,5.0,0.1,0.9,0.5323769377848591,lh,16.0,314.0,1.0,sub014
1143,0.49970644261624053,5.0,0.1,0.9,0.6643430099406158,rh,16.0,259.0,1.0,sub014
1144,1.0,5.0,0.1,0.9,0.6058314532622727,lh,16.0,412.0,1.0,sub015
1145,0.7781356253552187,5.0,0.1,0.9,1.0,rh,16.0,261.0,1.0,sub015
1146,0.8486947558528379,5.0,0.1,0.9,0.4233972498068441,lh,16.0,184.0,1.0,sub017
1147,0.5521925186309358,5.0,0.1,0.9,0.5882564239287196,rh,16.0,363.0,1.0,sub017
1148,0.469945308162397,5.0,0.1,0.9,0.7091632805278429,lh,16.0,200.0,1.0,sub018
1149,0.5127130203823506,5.0,0.1,0.9,0.7981363659505518,rh,16.0,252.0,1.0,sub018
1150,0.7915700704395922,5.0,0.1,0.9,0.32453159524713754,lh,16.0,426.0,1.0,sub019
1151,0.40686415142072874,5.0,0.1,0.9,0.6178013115755481,rh,16.0,374.0,1.0,sub019
