,alpha,beta,depth,gof,hemi,model,ns,power,subject
0,0.0,0.25,0.9,0.6403935202977389,lh,lasso,5.0,0.0,CC110033
1,0.0,0.25,0.9,0.6403935202977389,rh,lasso,9.0,0.0,CC110033
2,0.0,0.15,0.9,0.7637040245831282,lh,lasso,10.0,0.0,CC110033
3,0.0,0.15,0.9,0.7637040245831282,rh,lasso,18.0,0.0,CC110033
4,0.0,0.8,0.9,0.1740856432017126,lh,lasso,1.0,0.0,CC110033
5,0.0,0.8,0.9,0.1740856432017126,rh,lasso,1.0,0.0,CC110033
6,0.0,0.4,0.9,0.4728316742692935,lh,lasso,3.0,0.0,CC110033
7,0.0,0.4,0.9,0.4728316742692935,rh,lasso,4.0,0.0,CC110033
8,0.0,0.6,0.9,0.3151130294340999,lh,lasso,1.0,0.0,CC110033
9,0.0,0.6,0.9,0.3151130294340999,rh,lasso,2.0,0.0,CC110033
10,0.0,0.2,0.9,0.6984598863882461,lh,lasso,11.0,0.0,CC110033
11,0.0,0.2,0.9,0.6984598863882461,rh,lasso,12.0,0.0,CC110033
12,0.0,0.7,0.9,0.24735461789411162,lh,lasso,1.0,0.0,CC110033
13,0.0,0.7,0.9,0.24735461789411162,rh,lasso,1.0,0.0,CC110033
14,0.0,0.5,0.9,0.3865962028990966,lh,lasso,1.0,0.0,CC110033
15,0.0,0.5,0.9,0.3865962028990966,rh,lasso,3.0,0.0,CC110033
16,0.0,0.1,0.9,0.8380602395977121,lh,lasso,16.0,0.0,CC110033
17,0.0,0.1,0.9,0.8380602395977121,rh,lasso,21.0,0.0,CC110033
18,0.0,0.3,0.9,0.5881477353172232,lh,lasso,4.0,0.0,CC110033
19,0.0,0.3,0.9,0.5881477353172232,rh,lasso,7.0,0.0,CC110033
20,0.0,0.25,0.9,0.6252134201839123,lh,lasso,3.0,0.0,CC110101
21,0.0,0.25,0.9,0.6252134201839123,rh,lasso,6.0,0.0,CC110101
22,0.0,0.15,0.9,0.7580302749692438,lh,lasso,7.0,0.0,CC110101
23,0.0,0.15,0.9,0.7580302749692438,rh,lasso,10.0,0.0,CC110101
24,0.0,0.8,0.9,0.18998493775226477,lh,lasso,0.0,0.0,CC110101
25,0.0,0.8,0.9,0.18998493775226477,rh,lasso,1.0,0.0,CC110101
26,0.0,0.4,0.9,0.5091462586722819,lh,lasso,0.0,0.0,CC110101
27,0.0,0.4,0.9,0.5091462586722819,rh,lasso,3.0,0.0,CC110101
28,0.0,0.6,0.9,0.36954714850459747,lh,lasso,0.0,0.0,CC110101
29,0.0,0.6,0.9,0.36954714850459747,rh,lasso,2.0,0.0,CC110101
30,0.0,0.2,0.9,0.6881624927403529,lh,lasso,3.0,0.0,CC110101
31,0.0,0.2,0.9,0.6881624927403529,rh,lasso,7.0,0.0,CC110101
32,0.0,0.7,0.9,0.2815364850737365,lh,lasso,0.0,0.0,CC110101
33,0.0,0.7,0.9,0.2815364850737365,rh,lasso,2.0,0.0,CC110101
34,0.0,0.5,0.9,0.4440177840737082,lh,lasso,0.0,0.0,CC110101
35,0.0,0.5,0.9,0.4440177840737082,rh,lasso,2.0,0.0,CC110101
36,0.0,0.1,0.9,0.8367594697602575,lh,lasso,11.0,0.0,CC110101
37,0.0,0.1,0.9,0.8367594697602575,rh,lasso,18.0,0.0,CC110101
38,0.0,0.3,0.9,0.5731531100069034,lh,lasso,1.0,0.0,CC110101
39,0.0,0.3,0.9,0.5731531100069034,rh,lasso,4.0,0.0,CC110101
40,0.0,0.25,0.9,0.6843252278055928,lh,lasso,14.0,0.0,CC110187
41,0.0,0.25,0.9,0.6843252278055928,rh,lasso,6.0,0.0,CC110187
42,0.0,0.15,0.9,0.8259993935993641,lh,lasso,19.0,0.0,CC110187
43,0.0,0.15,0.9,0.8259993935993641,rh,lasso,12.0,0.0,CC110187
44,0.0,0.8,0.9,0.1273843408732963,lh,lasso,1.0,0.0,CC110187
45,0.0,0.8,0.9,0.1273843408732963,rh,lasso,1.0,0.0,CC110187
46,0.0,0.4,0.9,0.5025897396852455,lh,lasso,6.0,0.0,CC110187
47,0.0,0.4,0.9,0.5025897396852455,rh,lasso,3.0,0.0,CC110187
48,0.0,0.6,0.9,0.3088013340247976,lh,lasso,2.0,0.0,CC110187
49,0.0,0.6,0.9,0.3088013340247976,rh,lasso,2.0,0.0,CC110187
50,0.0,0.2,0.9,0.7538948819385994,lh,lasso,16.0,0.0,CC110187
51,0.0,0.2,0.9,0.7538948819385994,rh,lasso,8.0,0.0,CC110187
52,0.0,0.7,0.9,0.21996560918477126,lh,lasso,1.0,0.0,CC110187
53,0.0,0.7,0.9,0.21996560918477126,rh,lasso,2.0,0.0,CC110187
54,0.0,0.5,0.9,0.3941481339948051,lh,lasso,2.0,0.0,CC110187
55,0.0,0.5,0.9,0.3941481339948051,rh,lasso,2.0,0.0,CC110187
56,0.0,0.1,0.9,0.8946278536847762,lh,lasso,19.0,0.0,CC110187
57,0.0,0.1,0.9,0.8946278536847762,rh,lasso,18.0,0.0,CC110187
58,0.0,0.3,0.9,0.6149370921061176,lh,lasso,10.0,0.0,CC110187
59,0.0,0.3,0.9,0.6149370921061176,rh,lasso,4.0,0.0,CC110187
60,0.0,0.25,0.9,0.6406653639273843,lh,lasso,4.0,0.0,CC110411
61,0.0,0.25,0.9,0.6406653639273843,rh,lasso,12.0,0.0,CC110411
62,0.0,0.15,0.9,0.8022317145110738,lh,lasso,11.0,0.0,CC110411
63,0.0,0.15,0.9,0.8022317145110738,rh,lasso,22.0,0.0,CC110411
64,0.0,0.8,0.9,0.14237471871250285,lh,lasso,0.0,0.0,CC110411
65,0.0,0.8,0.9,0.14237471871250285,rh,lasso,1.0,0.0,CC110411
66,0.0,0.4,0.9,0.43975979270718313,lh,lasso,2.0,0.0,CC110411
67,0.0,0.4,0.9,0.43975979270718313,rh,lasso,5.0,0.0,CC110411
68,0.0,0.6,0.9,0.26148698613654053,lh,lasso,0.0,0.0,CC110411
69,0.0,0.6,0.9,0.26148698613654053,rh,lasso,2.0,0.0,CC110411
70,0.0,0.2,0.9,0.7229498699197106,lh,lasso,9.0,0.0,CC110411
71,0.0,0.2,0.9,0.7229498699197106,rh,lasso,16.0,0.0,CC110411
72,0.0,0.7,0.9,0.20169751817604575,lh,lasso,0.0,0.0,CC110411
73,0.0,0.7,0.9,0.20169751817604575,rh,lasso,1.0,0.0,CC110411
74,0.0,0.5,0.9,0.3422650965440792,lh,lasso,0.0,0.0,CC110411
75,0.0,0.5,0.9,0.3422650965440792,rh,lasso,3.0,0.0,CC110411
76,0.0,0.1,0.9,0.8758834776989347,lh,lasso,17.0,0.0,CC110411
77,0.0,0.1,0.9,0.8758834776989347,rh,lasso,23.0,0.0,CC110411
78,0.0,0.3,0.9,0.5718726052783261,lh,lasso,4.0,0.0,CC110411
79,0.0,0.3,0.9,0.5718726052783261,rh,lasso,9.0,0.0,CC110411
80,0.0,0.25,0.9,0.6335226520242911,lh,lasso,11.0,0.0,CC110606
81,0.0,0.25,0.9,0.6335226520242911,rh,lasso,6.0,0.0,CC110606
82,0.0,0.15,0.9,0.7872237085760436,lh,lasso,16.0,0.0,CC110606
83,0.0,0.15,0.9,0.7872237085760436,rh,lasso,14.0,0.0,CC110606
84,0.0,0.8,0.9,0.15202806728666252,lh,lasso,1.0,0.0,CC110606
85,0.0,0.8,0.9,0.15202806728666252,rh,lasso,0.0,0.0,CC110606
86,0.0,0.4,0.9,0.4260723523414195,lh,lasso,4.0,0.0,CC110606
87,0.0,0.4,0.9,0.4260723523414195,rh,lasso,2.0,0.0,CC110606
88,0.0,0.6,0.9,0.27728809547851696,lh,lasso,2.0,0.0,CC110606
89,0.0,0.6,0.9,0.27728809547851696,rh,lasso,0.0,0.0,CC110606
90,0.0,0.2,0.9,0.7137607112785295,lh,lasso,12.0,0.0,CC110606
91,0.0,0.2,0.9,0.7137607112785295,rh,lasso,10.0,0.0,CC110606
92,0.0,0.7,0.9,0.21537309532277193,lh,lasso,1.0,0.0,CC110606
93,0.0,0.7,0.9,0.21537309532277193,rh,lasso,0.0,0.0,CC110606
94,0.0,0.5,0.9,0.33984150713583017,lh,lasso,2.0,0.0,CC110606
95,0.0,0.5,0.9,0.33984150713583017,rh,lasso,0.0,0.0,CC110606
96,0.0,0.1,0.9,0.8636739113789427,lh,lasso,20.0,0.0,CC110606
97,0.0,0.1,0.9,0.8636739113789427,rh,lasso,22.0,0.0,CC110606
98,0.0,0.3,0.9,0.5572155872272728,lh,lasso,8.0,0.0,CC110606
99,0.0,0.3,0.9,0.5572155872272728,rh,lasso,4.0,0.0,CC110606
100,0.0,0.25,0.9,0.6919900005860214,lh,lasso,10.0,0.0,CC112141
101,0.0,0.25,0.9,0.6919900005860214,rh,lasso,11.0,0.0,CC112141
102,0.0,0.15,0.9,0.8434568966232732,lh,lasso,16.0,0.0,CC112141
103,0.0,0.15,0.9,0.8434568966232732,rh,lasso,16.0,0.0,CC112141
104,0.0,0.8,0.9,0.12952315602628983,lh,lasso,2.0,0.0,CC112141
105,0.0,0.8,0.9,0.12952315602628983,rh,lasso,0.0,0.0,CC112141
106,0.0,0.4,0.9,0.4750089737110609,lh,lasso,5.0,0.0,CC112141
107,0.0,0.4,0.9,0.4750089737110609,rh,lasso,6.0,0.0,CC112141
108,0.0,0.6,0.9,0.28745506935235254,lh,lasso,4.0,0.0,CC112141
109,0.0,0.6,0.9,0.28745506935235254,rh,lasso,1.0,0.0,CC112141
110,0.0,0.2,0.9,0.76969816329695,lh,lasso,13.0,0.0,CC112141
111,0.0,0.2,0.9,0.76969816329695,rh,lasso,15.0,0.0,CC112141
112,0.0,0.7,0.9,0.1991450474862979,lh,lasso,3.0,0.0,CC112141
113,0.0,0.7,0.9,0.1991450474862979,rh,lasso,1.0,0.0,CC112141
114,0.0,0.5,0.9,0.3693199989877698,lh,lasso,4.0,0.0,CC112141
115,0.0,0.5,0.9,0.3693199989877698,rh,lasso,2.0,0.0,CC112141
116,0.0,0.1,0.9,0.9074466785033691,lh,lasso,17.0,0.0,CC112141
117,0.0,0.1,0.9,0.9074466785033691,rh,lasso,18.0,0.0,CC112141
118,0.0,0.3,0.9,0.6073570278299018,lh,lasso,8.0,0.0,CC112141
119,0.0,0.3,0.9,0.6073570278299018,rh,lasso,7.0,0.0,CC112141
120,0.0,0.25,0.9,0.6786837665075952,lh,lasso,11.0,0.0,CC120008
121,0.0,0.25,0.9,0.6786837665075952,rh,lasso,12.0,0.0,CC120008
122,0.0,0.15,0.9,0.8378866317988101,lh,lasso,20.0,0.0,CC120008
123,0.0,0.15,0.9,0.8378866317988101,rh,lasso,19.0,0.0,CC120008
124,0.0,0.8,0.9,0.12942825401076663,lh,lasso,2.0,0.0,CC120008
125,0.0,0.8,0.9,0.12942825401076663,rh,lasso,1.0,0.0,CC120008
126,0.0,0.4,0.9,0.46295206906420894,lh,lasso,5.0,0.0,CC120008
127,0.0,0.4,0.9,0.46295206906420894,rh,lasso,6.0,0.0,CC120008
128,0.0,0.6,0.9,0.2659192852037049,lh,lasso,2.0,0.0,CC120008
129,0.0,0.6,0.9,0.2659192852037049,rh,lasso,2.0,0.0,CC120008
130,0.0,0.2,0.9,0.7555372276097729,lh,lasso,15.0,0.0,CC120008
131,0.0,0.2,0.9,0.7555372276097729,rh,lasso,17.0,0.0,CC120008
132,0.0,0.7,0.9,0.20128218152454902,lh,lasso,2.0,0.0,CC120008
133,0.0,0.7,0.9,0.20128218152454902,rh,lasso,1.0,0.0,CC120008
134,0.0,0.5,0.9,0.3543168919278553,lh,lasso,2.0,0.0,CC120008
135,0.0,0.5,0.9,0.3543168919278553,rh,lasso,4.0,0.0,CC120008
136,0.0,0.1,0.9,0.9062180168228887,lh,lasso,21.0,0.0,CC120008
137,0.0,0.1,0.9,0.9062180168228887,rh,lasso,26.0,0.0,CC120008
138,0.0,0.3,0.9,0.6038941270102638,lh,lasso,11.0,0.0,CC120008
139,0.0,0.3,0.9,0.6038941270102638,rh,lasso,10.0,0.0,CC120008
140,0.0,0.25,0.9,0.6925676902654709,lh,lasso,13.0,0.0,CC120049
141,0.0,0.25,0.9,0.6925676902654709,rh,lasso,16.0,0.0,CC120049
142,0.0,0.15,0.9,0.8597523124394651,lh,lasso,17.0,0.0,CC120049
143,0.0,0.15,0.9,0.8597523124394651,rh,lasso,24.0,0.0,CC120049
144,0.0,0.8,0.9,0.10513318340917277,lh,lasso,0.0,0.0,CC120049
145,0.0,0.8,0.9,0.10513318340917277,rh,lasso,1.0,0.0,CC120049
146,0.0,0.4,0.9,0.42989206255076684,lh,lasso,5.0,0.0,CC120049
147,0.0,0.4,0.9,0.42989206255076684,rh,lasso,9.0,0.0,CC120049
148,0.0,0.6,0.9,0.19231785511950483,lh,lasso,1.0,0.0,CC120049
149,0.0,0.6,0.9,0.19231785511950483,rh,lasso,1.0,0.0,CC120049
150,0.0,0.2,0.9,0.7788993203996419,lh,lasso,14.0,0.0,CC120049
151,0.0,0.2,0.9,0.7788993203996419,rh,lasso,18.0,0.0,CC120049
152,0.0,0.7,0.9,0.1489386764963283,lh,lasso,0.0,0.0,CC120049
153,0.0,0.7,0.9,0.1489386764963283,rh,lasso,1.0,0.0,CC120049
154,0.0,0.5,0.9,0.2865511267687446,lh,lasso,4.0,0.0,CC120049
155,0.0,0.5,0.9,0.2865511267687446,rh,lasso,4.0,0.0,CC120049
156,0.0,0.1,0.9,0.9259781391282854,lh,lasso,21.0,0.0,CC120049
157,0.0,0.1,0.9,0.9259781391282854,rh,lasso,25.0,0.0,CC120049
158,0.0,0.3,0.9,0.6003841598343118,lh,lasso,9.0,0.0,CC120049
159,0.0,0.3,0.9,0.6003841598343118,rh,lasso,13.0,0.0,CC120049
160,0.0,0.25,0.9,0.7629214618664741,lh,lasso,11.0,0.0,CC120061
161,0.0,0.25,0.9,0.7629214618664741,rh,lasso,8.0,0.0,CC120061
162,0.0,0.15,0.9,0.8746442025384167,lh,lasso,19.0,0.0,CC120061
163,0.0,0.15,0.9,0.8746442025384167,rh,lasso,14.0,0.0,CC120061
164,0.0,0.8,0.9,0.11075897534044155,lh,lasso,2.0,0.0,CC120061
165,0.0,0.8,0.9,0.11075897534044155,rh,lasso,0.0,0.0,CC120061
166,0.0,0.4,0.9,0.5863633626730687,lh,lasso,7.0,0.0,CC120061
167,0.0,0.4,0.9,0.5863633626730687,rh,lasso,4.0,0.0,CC120061
168,0.0,0.6,0.9,0.3518708364590639,lh,lasso,4.0,0.0,CC120061
169,0.0,0.6,0.9,0.3518708364590639,rh,lasso,1.0,0.0,CC120061
170,0.0,0.2,0.9,0.8202303000107738,lh,lasso,13.0,0.0,CC120061
171,0.0,0.2,0.9,0.8202303000107738,rh,lasso,10.0,0.0,CC120061
172,0.0,0.7,0.9,0.2340084921397284,lh,lasso,3.0,0.0,CC120061
173,0.0,0.7,0.9,0.2340084921397284,rh,lasso,1.0,0.0,CC120061
174,0.0,0.5,0.9,0.4650198624742389,lh,lasso,4.0,0.0,CC120061
175,0.0,0.5,0.9,0.4650198624742389,rh,lasso,2.0,0.0,CC120061
176,0.0,0.1,0.9,0.9214341764292915,lh,lasso,20.0,0.0,CC120061
177,0.0,0.1,0.9,0.9214341764292915,rh,lasso,26.0,0.0,CC120061
178,0.0,0.3,0.9,0.7065309856308191,lh,lasso,10.0,0.0,CC120061
179,0.0,0.3,0.9,0.7065309856308191,rh,lasso,7.0,0.0,CC120061
180,0.0,0.25,0.9,0.747811290595044,lh,lasso,22.0,0.0,CC120120
181,0.0,0.25,0.9,0.747811290595044,rh,lasso,10.0,0.0,CC120120
182,0.0,0.15,0.9,0.8527531902627349,lh,lasso,21.0,0.0,CC120120
183,0.0,0.15,0.9,0.8527531902627349,rh,lasso,15.0,0.0,CC120120
184,0.0,0.8,0.9,0.09537895446400646,lh,lasso,4.0,0.0,CC120120
185,0.0,0.8,0.9,0.09537895446400646,rh,lasso,0.0,0.0,CC120120
186,0.0,0.4,0.9,0.5529145151174376,lh,lasso,14.0,0.0,CC120120
187,0.0,0.4,0.9,0.5529145151174376,rh,lasso,6.0,0.0,CC120120
188,0.0,0.6,0.9,0.3015903834937296,lh,lasso,6.0,0.0,CC120120
189,0.0,0.6,0.9,0.3015903834937296,rh,lasso,2.0,0.0,CC120120
190,0.0,0.2,0.9,0.8047694451242504,lh,lasso,21.0,0.0,CC120120
191,0.0,0.2,0.9,0.8047694451242504,rh,lasso,13.0,0.0,CC120120
192,0.0,0.7,0.9,0.1939777873792592,lh,lasso,5.0,0.0,CC120120
193,0.0,0.7,0.9,0.1939777873792592,rh,lasso,1.0,0.0,CC120120
194,0.0,0.5,0.9,0.41348184779038366,lh,lasso,9.0,0.0,CC120120
195,0.0,0.5,0.9,0.41348184779038366,rh,lasso,5.0,0.0,CC120120
196,0.0,0.1,0.9,0.9028030295187255,lh,lasso,24.0,0.0,CC120120
197,0.0,0.1,0.9,0.9028030295187255,rh,lasso,19.0,0.0,CC120120
198,0.0,0.3,0.9,0.6849184134640727,lh,lasso,15.0,0.0,CC120120
199,0.0,0.3,0.9,0.6849184134640727,rh,lasso,9.0,0.0,CC120120
200,0.0,0.25,0.9,0.6753802734285421,lh,lasso,7.0,0.0,CC120166
201,0.0,0.25,0.9,0.6753802734285421,rh,lasso,12.0,0.0,CC120166
202,0.0,0.15,0.9,0.8444225146934332,lh,lasso,14.0,0.0,CC120166
203,0.0,0.15,0.9,0.8444225146934332,rh,lasso,17.0,0.0,CC120166
204,0.0,0.8,0.9,0.13822039881384995,lh,lasso,0.0,0.0,CC120166
205,0.0,0.8,0.9,0.13822039881384995,rh,lasso,2.0,0.0,CC120166
206,0.0,0.4,0.9,0.44852816379937144,lh,lasso,1.0,0.0,CC120166
207,0.0,0.4,0.9,0.44852816379937144,rh,lasso,8.0,0.0,CC120166
208,0.0,0.6,0.9,0.26352495344470717,lh,lasso,0.0,0.0,CC120166
209,0.0,0.6,0.9,0.26352495344470717,rh,lasso,3.0,0.0,CC120166
210,0.0,0.2,0.9,0.7612545359297639,lh,lasso,8.0,0.0,CC120166
211,0.0,0.2,0.9,0.7612545359297639,rh,lasso,15.0,0.0,CC120166
212,0.0,0.7,0.9,0.2035472082261126,lh,lasso,0.0,0.0,CC120166
213,0.0,0.7,0.9,0.2035472082261126,rh,lasso,3.0,0.0,CC120166
214,0.0,0.5,0.9,0.3285560353648913,lh,lasso,0.0,0.0,CC120166
215,0.0,0.5,0.9,0.3285560353648913,rh,lasso,4.0,0.0,CC120166
216,0.0,0.1,0.9,0.9144637088352522,lh,lasso,19.0,0.0,CC120166
217,0.0,0.1,0.9,0.9144637088352522,rh,lasso,19.0,0.0,CC120166
218,0.0,0.3,0.9,0.5944932750360512,lh,lasso,3.0,0.0,CC120166
219,0.0,0.3,0.9,0.5944932750360512,rh,lasso,13.0,0.0,CC120166
220,0.0,0.25,0.9,0.7388209658643967,lh,lasso,13.0,0.0,CC120182
221,0.0,0.25,0.9,0.7388209658643967,rh,lasso,14.0,0.0,CC120182
222,0.0,0.15,0.9,0.8736916811287169,lh,lasso,19.0,0.0,CC120182
223,0.0,0.15,0.9,0.8736916811287169,rh,lasso,23.0,0.0,CC120182
224,0.0,0.8,0.9,0.16373555767476156,lh,lasso,1.0,0.0,CC120182
225,0.0,0.8,0.9,0.16373555767476156,rh,lasso,3.0,0.0,CC120182
226,0.0,0.4,0.9,0.531175975567229,lh,lasso,5.0,0.0,CC120182
227,0.0,0.4,0.9,0.531175975567229,rh,lasso,7.0,0.0,CC120182
228,0.0,0.6,0.9,0.31996371223694475,lh,lasso,1.0,0.0,CC120182
229,0.0,0.6,0.9,0.31996371223694475,rh,lasso,4.0,0.0,CC120182
230,0.0,0.2,0.9,0.8052743294702577,lh,lasso,17.0,0.0,CC120182
231,0.0,0.2,0.9,0.8052743294702577,rh,lasso,15.0,0.0,CC120182
232,0.0,0.7,0.9,0.24571626915242983,lh,lasso,1.0,0.0,CC120182
233,0.0,0.7,0.9,0.24571626915242983,rh,lasso,4.0,0.0,CC120182
234,0.0,0.5,0.9,0.4082522798656407,lh,lasso,1.0,0.0,CC120182
235,0.0,0.5,0.9,0.4082522798656407,rh,lasso,8.0,0.0,CC120182
236,0.0,0.1,0.9,0.9308883337588794,lh,lasso,22.0,0.0,CC120182
237,0.0,0.1,0.9,0.9308883337588794,rh,lasso,23.0,0.0,CC120182
238,0.0,0.3,0.9,0.6669433117337811,lh,lasso,9.0,0.0,CC120182
239,0.0,0.3,0.9,0.6669433117337811,rh,lasso,11.0,0.0,CC120182
240,0.0,0.25,0.9,0.7147706360465266,lh,lasso,7.0,0.0,CC120218
241,0.0,0.25,0.9,0.7147706360465266,rh,lasso,13.0,0.0,CC120218
242,0.0,0.15,0.9,0.846119183635252,lh,lasso,10.0,0.0,CC120218
243,0.0,0.15,0.9,0.846119183635252,rh,lasso,20.0,0.0,CC120218
244,0.0,0.8,0.9,0.13735903422259266,lh,lasso,2.0,0.0,CC120218
245,0.0,0.8,0.9,0.13735903422259266,rh,lasso,1.0,0.0,CC120218
246,0.0,0.4,0.9,0.5318995384695389,lh,lasso,4.0,0.0,CC120218
247,0.0,0.4,0.9,0.5318995384695389,rh,lasso,7.0,0.0,CC120218
248,0.0,0.6,0.9,0.30161145663592404,lh,lasso,2.0,0.0,CC120218
249,0.0,0.6,0.9,0.30161145663592404,rh,lasso,3.0,0.0,CC120218
250,0.0,0.2,0.9,0.7780224989034246,lh,lasso,9.0,0.0,CC120218
251,0.0,0.2,0.9,0.7780224989034246,rh,lasso,20.0,0.0,CC120218
252,0.0,0.7,0.9,0.2199261696523206,lh,lasso,2.0,0.0,CC120218
253,0.0,0.7,0.9,0.2199261696523206,rh,lasso,1.0,0.0,CC120218
254,0.0,0.5,0.9,0.40419090733898155,lh,lasso,2.0,0.0,CC120218
255,0.0,0.5,0.9,0.40419090733898155,rh,lasso,5.0,0.0,CC120218
256,0.0,0.1,0.9,0.9083672316858279,lh,lasso,14.0,0.0,CC120218
257,0.0,0.1,0.9,0.9083672316858279,rh,lasso,28.0,0.0,CC120218
258,0.0,0.3,0.9,0.6515612897925254,lh,lasso,5.0,0.0,CC120218
259,0.0,0.3,0.9,0.6515612897925254,rh,lasso,9.0,0.0,CC120218
260,0.0,0.25,0.9,0.7017866121205599,lh,lasso,17.0,0.0,CC120264
261,0.0,0.25,0.9,0.7017866121205599,rh,lasso,10.0,0.0,CC120264
262,0.0,0.15,0.9,0.8417043382927806,lh,lasso,23.0,0.0,CC120264
263,0.0,0.15,0.9,0.8417043382927806,rh,lasso,18.0,0.0,CC120264
264,0.0,0.8,0.9,0.08862499641206567,lh,lasso,1.0,0.0,CC120264
265,0.0,0.8,0.9,0.08862499641206567,rh,lasso,1.0,0.0,CC120264
266,0.0,0.4,0.9,0.4556974052863504,lh,lasso,10.0,0.0,CC120264
267,0.0,0.4,0.9,0.4556974052863504,rh,lasso,8.0,0.0,CC120264
268,0.0,0.6,0.9,0.20813767402168948,lh,lasso,1.0,0.0,CC120264
269,0.0,0.6,0.9,0.20813767402168948,rh,lasso,2.0,0.0,CC120264
270,0.0,0.2,0.9,0.7733400585202219,lh,lasso,18.0,0.0,CC120264
271,0.0,0.2,0.9,0.7733400585202219,rh,lasso,12.0,0.0,CC120264
272,0.0,0.7,0.9,0.15262308928162027,lh,lasso,1.0,0.0,CC120264
273,0.0,0.7,0.9,0.15262308928162027,rh,lasso,2.0,0.0,CC120264
274,0.0,0.5,0.9,0.3059894337037814,lh,lasso,3.0,0.0,CC120264
275,0.0,0.5,0.9,0.3059894337037814,rh,lasso,4.0,0.0,CC120264
276,0.0,0.1,0.9,0.9078335055549943,lh,lasso,25.0,0.0,CC120264
277,0.0,0.1,0.9,0.9078335055549943,rh,lasso,23.0,0.0,CC120264
278,0.0,0.3,0.9,0.6250181362411587,lh,lasso,14.0,0.0,CC120264
279,0.0,0.3,0.9,0.6250181362411587,rh,lasso,9.0,0.0,CC120264
280,0.0,0.25,0.9,0.7810606578826836,lh,lasso,8.0,0.0,CC120309
281,0.0,0.25,0.9,0.7810606578826836,rh,lasso,9.0,0.0,CC120309
282,0.0,0.15,0.9,0.8909156976650654,lh,lasso,15.0,0.0,CC120309
283,0.0,0.15,0.9,0.8909156976650654,rh,lasso,12.0,0.0,CC120309
284,0.0,0.8,0.9,0.11312671121122742,lh,lasso,1.0,0.0,CC120309
285,0.0,0.8,0.9,0.11312671121122742,rh,lasso,1.0,0.0,CC120309
286,0.0,0.4,0.9,0.5765567073164557,lh,lasso,3.0,0.0,CC120309
287,0.0,0.4,0.9,0.5765567073164557,rh,lasso,6.0,0.0,CC120309
288,0.0,0.6,0.9,0.34214314389959655,lh,lasso,1.0,0.0,CC120309
289,0.0,0.6,0.9,0.34214314389959655,rh,lasso,2.0,0.0,CC120309
290,0.0,0.2,0.9,0.8378062959639927,lh,lasso,12.0,0.0,CC120309
291,0.0,0.2,0.9,0.8378062959639927,rh,lasso,10.0,0.0,CC120309
292,0.0,0.7,0.9,0.23533744303606086,lh,lasso,1.0,0.0,CC120309
293,0.0,0.7,0.9,0.23533744303606086,rh,lasso,1.0,0.0,CC120309
294,0.0,0.5,0.9,0.45725459208170904,lh,lasso,2.0,0.0,CC120309
295,0.0,0.5,0.9,0.45725459208170904,rh,lasso,3.0,0.0,CC120309
296,0.0,0.1,0.9,0.9350360130336272,lh,lasso,18.0,0.0,CC120309
297,0.0,0.1,0.9,0.9350360130336272,rh,lasso,16.0,0.0,CC120309
298,0.0,0.3,0.9,0.71459367920561,lh,lasso,6.0,0.0,CC120309
299,0.0,0.3,0.9,0.71459367920561,rh,lasso,8.0,0.0,CC120309
300,0.0,0.25,0.9,0.6800416503431848,lh,lasso,4.0,0.0,CC120313
301,0.0,0.25,0.9,0.6800416503431848,rh,lasso,6.0,0.0,CC120313
302,0.0,0.15,0.9,0.8114353631824811,lh,lasso,11.0,0.0,CC120313
303,0.0,0.15,0.9,0.8114353631824811,rh,lasso,12.0,0.0,CC120313
304,0.0,0.8,0.9,0.1429428603841294,lh,lasso,1.0,0.0,CC120313
305,0.0,0.8,0.9,0.1429428603841294,rh,lasso,0.0,0.0,CC120313
306,0.0,0.4,0.9,0.515371172130008,lh,lasso,3.0,0.0,CC120313
307,0.0,0.4,0.9,0.515371172130008,rh,lasso,2.0,0.0,CC120313
308,0.0,0.6,0.9,0.2805665087978284,lh,lasso,2.0,0.0,CC120313
309,0.0,0.6,0.9,0.2805665087978284,rh,lasso,0.0,0.0,CC120313
310,0.0,0.2,0.9,0.7396376981122851,lh,lasso,9.0,0.0,CC120313
311,0.0,0.2,0.9,0.7396376981122851,rh,lasso,9.0,0.0,CC120313
312,0.0,0.7,0.9,0.20451212397240337,lh,lasso,2.0,0.0,CC120313
313,0.0,0.7,0.9,0.20451212397240337,rh,lasso,0.0,0.0,CC120313
314,0.0,0.5,0.9,0.40017722899684305,lh,lasso,3.0,0.0,CC120313
315,0.0,0.5,0.9,0.40017722899684305,rh,lasso,2.0,0.0,CC120313
316,0.0,0.1,0.9,0.8846146107120333,lh,lasso,17.0,0.0,CC120313
317,0.0,0.1,0.9,0.8846146107120333,rh,lasso,15.0,0.0,CC120313
318,0.0,0.3,0.9,0.6291774246676979,lh,lasso,4.0,0.0,CC120313
319,0.0,0.3,0.9,0.6291774246676979,rh,lasso,3.0,0.0,CC120313
320,0.0,0.25,0.9,0.7181495852061847,lh,lasso,9.0,0.0,CC120319
321,0.0,0.25,0.9,0.7181495852061847,rh,lasso,16.0,0.0,CC120319
322,0.0,0.15,0.9,0.8490934507298828,lh,lasso,13.0,0.0,CC120319
323,0.0,0.15,0.9,0.8490934507298828,rh,lasso,21.0,0.0,CC120319
324,0.0,0.8,0.9,0.11090699501011181,lh,lasso,1.0,0.0,CC120319
325,0.0,0.8,0.9,0.11090699501011181,rh,lasso,1.0,0.0,CC120319
326,0.0,0.4,0.9,0.5483407316334812,lh,lasso,6.0,0.0,CC120319
327,0.0,0.4,0.9,0.5483407316334812,rh,lasso,7.0,0.0,CC120319
328,0.0,0.6,0.9,0.3008093340546415,lh,lasso,2.0,0.0,CC120319
329,0.0,0.6,0.9,0.3008093340546415,rh,lasso,5.0,0.0,CC120319
330,0.0,0.2,0.9,0.7846520404528081,lh,lasso,13.0,0.0,CC120319
331,0.0,0.2,0.9,0.7846520404528081,rh,lasso,18.0,0.0,CC120319
332,0.0,0.7,0.9,0.18754527738745908,lh,lasso,2.0,0.0,CC120319
333,0.0,0.7,0.9,0.18754527738745908,rh,lasso,2.0,0.0,CC120319
334,0.0,0.5,0.9,0.42685757682505776,lh,lasso,4.0,0.0,CC120319
335,0.0,0.5,0.9,0.42685757682505776,rh,lasso,6.0,0.0,CC120319
336,0.0,0.1,0.9,0.9048052972271654,lh,lasso,20.0,0.0,CC120319
337,0.0,0.1,0.9,0.9048052972271654,rh,lasso,24.0,0.0,CC120319
338,0.0,0.3,0.9,0.6599797387599424,lh,lasso,6.0,0.0,CC120319
339,0.0,0.3,0.9,0.6599797387599424,rh,lasso,13.0,0.0,CC120319
340,0.0,0.25,0.9,0.6482387535456959,lh,lasso,9.0,0.0,CC120376
341,0.0,0.25,0.9,0.6482387535456959,rh,lasso,10.0,0.0,CC120376
342,0.0,0.15,0.9,0.7989791748021955,lh,lasso,13.0,0.0,CC120376
343,0.0,0.15,0.9,0.7989791748021955,rh,lasso,13.0,0.0,CC120376
344,0.0,0.8,0.9,0.14191987204052414,lh,lasso,0.0,0.0,CC120376
345,0.0,0.8,0.9,0.14191987204052414,rh,lasso,2.0,0.0,CC120376
346,0.0,0.4,0.9,0.4712345492418767,lh,lasso,1.0,0.0,CC120376
347,0.0,0.4,0.9,0.4712345492418767,rh,lasso,8.0,0.0,CC120376
348,0.0,0.6,0.9,0.27340009994024694,lh,lasso,0.0,0.0,CC120376
349,0.0,0.6,0.9,0.27340009994024694,rh,lasso,5.0,0.0,CC120376
350,0.0,0.2,0.9,0.723560318095182,lh,lasso,15.0,0.0,CC120376
351,0.0,0.2,0.9,0.723560318095182,rh,lasso,12.0,0.0,CC120376
352,0.0,0.7,0.9,0.20820262841526493,lh,lasso,0.0,0.0,CC120376
353,0.0,0.7,0.9,0.20820262841526493,rh,lasso,3.0,0.0,CC120376
354,0.0,0.5,0.9,0.37050198915221644,lh,lasso,1.0,0.0,CC120376
355,0.0,0.5,0.9,0.37050198915221644,rh,lasso,6.0,0.0,CC120376
356,0.0,0.1,0.9,0.8722627865156122,lh,lasso,22.0,0.0,CC120376
357,0.0,0.1,0.9,0.8722627865156122,rh,lasso,17.0,0.0,CC120376
358,0.0,0.3,0.9,0.582121957446142,lh,lasso,6.0,0.0,CC120376
359,0.0,0.3,0.9,0.582121957446142,rh,lasso,7.0,0.0,CC120376
360,0.0,0.25,0.9,0.7107155370383476,lh,lasso,4.0,0.0,CC120469
361,0.0,0.25,0.9,0.7107155370383476,rh,lasso,14.0,0.0,CC120469
362,0.0,0.15,0.9,0.8494913158111689,lh,lasso,8.0,0.0,CC120469
363,0.0,0.15,0.9,0.8494913158111689,rh,lasso,27.0,0.0,CC120469
364,0.0,0.8,0.9,0.13142944593135508,lh,lasso,1.0,0.0,CC120469
365,0.0,0.8,0.9,0.13142944593135508,rh,lasso,2.0,0.0,CC120469
366,0.0,0.4,0.9,0.5472283016321252,lh,lasso,3.0,0.0,CC120469
367,0.0,0.4,0.9,0.5472283016321252,rh,lasso,7.0,0.0,CC120469
368,0.0,0.6,0.9,0.3469944893349063,lh,lasso,2.0,0.0,CC120469
369,0.0,0.6,0.9,0.3469944893349063,rh,lasso,3.0,0.0,CC120469
370,0.0,0.2,0.9,0.7815637956700545,lh,lasso,8.0,0.0,CC120469
371,0.0,0.2,0.9,0.7815637956700545,rh,lasso,21.0,0.0,CC120469
372,0.0,0.7,0.9,0.23887079119219046,lh,lasso,2.0,0.0,CC120469
373,0.0,0.7,0.9,0.23887079119219046,rh,lasso,2.0,0.0,CC120469
374,0.0,0.5,0.9,0.44567482834760697,lh,lasso,4.0,0.0,CC120469
375,0.0,0.5,0.9,0.44567482834760697,rh,lasso,4.0,0.0,CC120469
376,0.0,0.1,0.9,0.9089950520402734,lh,lasso,14.0,0.0,CC120469
377,0.0,0.1,0.9,0.9089950520402734,rh,lasso,29.0,0.0,CC120469
378,0.0,0.3,0.9,0.6514928374398181,lh,lasso,3.0,0.0,CC120469
379,0.0,0.3,0.9,0.6514928374398181,rh,lasso,14.0,0.0,CC120469
380,0.0,0.25,0.9,0.734091549695371,lh,lasso,9.0,0.0,CC120550
381,0.0,0.25,0.9,0.734091549695371,rh,lasso,19.0,0.0,CC120550
382,0.0,0.15,0.9,0.8624054243363242,lh,lasso,12.0,0.0,CC120550
383,0.0,0.15,0.9,0.8624054243363242,rh,lasso,24.0,0.0,CC120550
384,0.0,0.8,0.9,0.08674555888452329,lh,lasso,1.0,0.0,CC120550
385,0.0,0.8,0.9,0.08674555888452329,rh,lasso,0.0,0.0,CC120550
386,0.0,0.4,0.9,0.5195994549262442,lh,lasso,1.0,0.0,CC120550
387,0.0,0.4,0.9,0.5195994549262442,rh,lasso,17.0,0.0,CC120550
388,0.0,0.6,0.9,0.2847140928419767,lh,lasso,1.0,0.0,CC120550
389,0.0,0.6,0.9,0.2847140928419767,rh,lasso,4.0,0.0,CC120550
390,0.0,0.2,0.9,0.8045202243291666,lh,lasso,10.0,0.0,CC120550
391,0.0,0.2,0.9,0.8045202243291666,rh,lasso,21.0,0.0,CC120550
392,0.0,0.7,0.9,0.1833931420019994,lh,lasso,1.0,0.0,CC120550
393,0.0,0.7,0.9,0.1833931420019994,rh,lasso,3.0,0.0,CC120550
394,0.0,0.5,0.9,0.3916731471458319,lh,lasso,1.0,0.0,CC120550
395,0.0,0.5,0.9,0.3916731471458319,rh,lasso,8.0,0.0,CC120550
396,0.0,0.1,0.9,0.9163941174449678,lh,lasso,19.0,0.0,CC120550
397,0.0,0.1,0.9,0.9163941174449678,rh,lasso,25.0,0.0,CC120550
398,0.0,0.3,0.9,0.6636098916364954,lh,lasso,6.0,0.0,CC120550
399,0.0,0.3,0.9,0.6636098916364954,rh,lasso,20.0,0.0,CC120550
400,0.0,0.25,0.9,0.6871852804749228,lh,lasso,6.0,0.0,CC120640
401,0.0,0.25,0.9,0.6871852804749228,rh,lasso,11.0,0.0,CC120640
402,0.0,0.15,0.9,0.8234789594943968,lh,lasso,13.0,0.0,CC120640
403,0.0,0.15,0.9,0.8234789594943968,rh,lasso,18.0,0.0,CC120640
404,0.0,0.8,0.9,0.12644629149637987,lh,lasso,1.0,0.0,CC120640
405,0.0,0.8,0.9,0.12644629149637987,rh,lasso,0.0,0.0,CC120640
406,0.0,0.4,0.9,0.5211071247413924,lh,lasso,4.0,0.0,CC120640
407,0.0,0.4,0.9,0.5211071247413924,rh,lasso,6.0,0.0,CC120640
408,0.0,0.6,0.9,0.32531940305496165,lh,lasso,2.0,0.0,CC120640
409,0.0,0.6,0.9,0.32531940305496165,rh,lasso,2.0,0.0,CC120640
410,0.0,0.2,0.9,0.755929435474952,lh,lasso,10.0,0.0,CC120640
411,0.0,0.2,0.9,0.755929435474952,rh,lasso,16.0,0.0,CC120640
412,0.0,0.7,0.9,0.22508394305987567,lh,lasso,2.0,0.0,CC120640
413,0.0,0.7,0.9,0.22508394305987567,rh,lasso,1.0,0.0,CC120640
414,0.0,0.5,0.9,0.42338577563330837,lh,lasso,4.0,0.0,CC120640
415,0.0,0.5,0.9,0.42338577563330837,rh,lasso,2.0,0.0,CC120640
416,0.0,0.1,0.9,0.8939666586400439,lh,lasso,20.0,0.0,CC120640
417,0.0,0.1,0.9,0.8939666586400439,rh,lasso,23.0,0.0,CC120640
418,0.0,0.3,0.9,0.6230072728345448,lh,lasso,6.0,0.0,CC120640
419,0.0,0.3,0.9,0.6230072728345448,rh,lasso,6.0,0.0,CC120640
420,0.0,0.25,0.9,0.6529515828660158,lh,lasso,10.0,0.0,CC120727
421,0.0,0.25,0.9,0.6529515828660158,rh,lasso,11.0,0.0,CC120727
422,0.0,0.15,0.9,0.821668466203513,lh,lasso,20.0,0.0,CC120727
423,0.0,0.15,0.9,0.821668466203513,rh,lasso,19.0,0.0,CC120727
424,0.0,0.8,0.9,0.1338756080526532,lh,lasso,0.0,0.0,CC120727
425,0.0,0.8,0.9,0.1338756080526532,rh,lasso,1.0,0.0,CC120727
426,0.0,0.4,0.9,0.4160887799183688,lh,lasso,3.0,0.0,CC120727
427,0.0,0.4,0.9,0.4160887799183688,rh,lasso,6.0,0.0,CC120727
428,0.0,0.6,0.9,0.2428970382744723,lh,lasso,0.0,0.0,CC120727
429,0.0,0.6,0.9,0.2428970382744723,rh,lasso,2.0,0.0,CC120727
430,0.0,0.2,0.9,0.7396142648275792,lh,lasso,11.0,0.0,CC120727
431,0.0,0.2,0.9,0.7396142648275792,rh,lasso,19.0,0.0,CC120727
432,0.0,0.7,0.9,0.19179405799384008,lh,lasso,0.0,0.0,CC120727
433,0.0,0.7,0.9,0.19179405799384008,rh,lasso,2.0,0.0,CC120727
434,0.0,0.5,0.9,0.3227280535736158,lh,lasso,1.0,0.0,CC120727
435,0.0,0.5,0.9,0.3227280535736158,rh,lasso,4.0,0.0,CC120727
436,0.0,0.1,0.9,0.8946395750837215,lh,lasso,22.0,0.0,CC120727
437,0.0,0.1,0.9,0.8946395750837215,rh,lasso,20.0,0.0,CC120727
438,0.0,0.3,0.9,0.569885164288769,lh,lasso,7.0,0.0,CC120727
439,0.0,0.3,0.9,0.569885164288769,rh,lasso,11.0,0.0,CC120727
440,0.0,0.25,0.9,0.6711993061210193,lh,lasso,7.0,0.0,CC120795
441,0.0,0.25,0.9,0.6711993061210193,rh,lasso,16.0,0.0,CC120795
442,0.0,0.15,0.9,0.8397575808638064,lh,lasso,17.0,0.0,CC120795
443,0.0,0.15,0.9,0.8397575808638064,rh,lasso,32.0,0.0,CC120795
444,0.0,0.8,0.9,0.10975511195818521,lh,lasso,0.0,0.0,CC120795
445,0.0,0.8,0.9,0.10975511195818521,rh,lasso,2.0,0.0,CC120795
446,0.0,0.4,0.9,0.5080173831297274,lh,lasso,2.0,0.0,CC120795
447,0.0,0.4,0.9,0.5080173831297274,rh,lasso,6.0,0.0,CC120795
448,0.0,0.6,0.9,0.27646264054357494,lh,lasso,2.0,0.0,CC120795
449,0.0,0.6,0.9,0.27646264054357494,rh,lasso,3.0,0.0,CC120795
450,0.0,0.2,0.9,0.7523498821990495,lh,lasso,14.0,0.0,CC120795
451,0.0,0.2,0.9,0.7523498821990495,rh,lasso,20.0,0.0,CC120795
452,0.0,0.7,0.9,0.18223817944310305,lh,lasso,0.0,0.0,CC120795
453,0.0,0.7,0.9,0.18223817944310305,rh,lasso,2.0,0.0,CC120795
454,0.0,0.5,0.9,0.4014913839187725,lh,lasso,2.0,0.0,CC120795
455,0.0,0.5,0.9,0.4014913839187725,rh,lasso,4.0,0.0,CC120795
456,0.0,0.1,0.9,0.9154729680283817,lh,lasso,20.0,0.0,CC120795
457,0.0,0.1,0.9,0.9154729680283817,rh,lasso,26.0,0.0,CC120795
458,0.0,0.3,0.9,0.6033377497279492,lh,lasso,2.0,0.0,CC120795
459,0.0,0.3,0.9,0.6033377497279492,rh,lasso,10.0,0.0,CC120795
460,0.0,0.25,0.9,0.7480783286266671,lh,lasso,12.0,0.0,CC121106
461,0.0,0.25,0.9,0.7480783286266671,rh,lasso,18.0,0.0,CC121106
462,0.0,0.15,0.9,0.8627383556065742,lh,lasso,21.0,0.0,CC121106
463,0.0,0.15,0.9,0.8627383556065742,rh,lasso,22.0,0.0,CC121106
464,0.0,0.8,0.9,0.14930050288424124,lh,lasso,1.0,0.0,CC121106
465,0.0,0.8,0.9,0.14930050288424124,rh,lasso,3.0,0.0,CC121106
466,0.0,0.4,0.9,0.5654672010382291,lh,lasso,3.0,0.0,CC121106
467,0.0,0.4,0.9,0.5654672010382291,rh,lasso,15.0,0.0,CC121106
468,0.0,0.6,0.9,0.3271102006119514,lh,lasso,3.0,0.0,CC121106
469,0.0,0.6,0.9,0.3271102006119514,rh,lasso,7.0,0.0,CC121106
470,0.0,0.2,0.9,0.8067915876664467,lh,lasso,17.0,0.0,CC121106
471,0.0,0.2,0.9,0.8067915876664467,rh,lasso,19.0,0.0,CC121106
472,0.0,0.7,0.9,0.23142652730430713,lh,lasso,2.0,0.0,CC121106
473,0.0,0.7,0.9,0.23142652730430713,rh,lasso,4.0,0.0,CC121106
474,0.0,0.5,0.9,0.44957040261516046,lh,lasso,3.0,0.0,CC121106
475,0.0,0.5,0.9,0.44957040261516046,rh,lasso,9.0,0.0,CC121106
476,0.0,0.1,0.9,0.915732819077179,lh,lasso,23.0,0.0,CC121106
477,0.0,0.1,0.9,0.915732819077179,rh,lasso,26.0,0.0,CC121106
478,0.0,0.3,0.9,0.6861336716698061,lh,lasso,8.0,0.0,CC121106
479,0.0,0.3,0.9,0.6861336716698061,rh,lasso,16.0,0.0,CC121106
480,0.0,0.25,0.9,0.6734080201051251,lh,lasso,8.0,0.0,CC121111
481,0.0,0.25,0.9,0.6734080201051251,rh,lasso,5.0,0.0,CC121111
482,0.0,0.15,0.9,0.8305602470222251,lh,lasso,10.0,0.0,CC121111
483,0.0,0.15,0.9,0.8305602470222251,rh,lasso,14.0,0.0,CC121111
484,0.0,0.8,0.9,0.1322364530364334,lh,lasso,0.0,0.0,CC121111
485,0.0,0.8,0.9,0.1322364530364334,rh,lasso,1.0,0.0,CC121111
486,0.0,0.4,0.9,0.47237493040737333,lh,lasso,2.0,0.0,CC121111
487,0.0,0.4,0.9,0.47237493040737333,rh,lasso,2.0,0.0,CC121111
488,0.0,0.6,0.9,0.297838739504921,lh,lasso,1.0,0.0,CC121111
489,0.0,0.6,0.9,0.297838739504921,rh,lasso,2.0,0.0,CC121111
490,0.0,0.2,0.9,0.7520680282980394,lh,lasso,9.0,0.0,CC121111
491,0.0,0.2,0.9,0.7520680282980394,rh,lasso,10.0,0.0,CC121111
492,0.0,0.7,0.9,0.1885436558386009,lh,lasso,1.0,0.0,CC121111
493,0.0,0.7,0.9,0.1885436558386009,rh,lasso,1.0,0.0,CC121111
494,0.0,0.5,0.9,0.3910163327406698,lh,lasso,1.0,0.0,CC121111
495,0.0,0.5,0.9,0.3910163327406698,rh,lasso,2.0,0.0,CC121111
496,0.0,0.1,0.9,0.9010945793335966,lh,lasso,12.0,0.0,CC121111
497,0.0,0.1,0.9,0.9010945793335966,rh,lasso,20.0,0.0,CC121111
498,0.0,0.3,0.9,0.5949388122084545,lh,lasso,8.0,0.0,CC121111
499,0.0,0.3,0.9,0.5949388122084545,rh,lasso,4.0,0.0,CC121111
500,0.0,0.25,0.9,0.7132840295568625,lh,lasso,7.0,0.0,CC121144
501,0.0,0.25,0.9,0.7132840295568625,rh,lasso,7.0,0.0,CC121144
502,0.0,0.15,0.9,0.8504299867946663,lh,lasso,10.0,0.0,CC121144
503,0.0,0.15,0.9,0.8504299867946663,rh,lasso,15.0,0.0,CC121144
504,0.0,0.8,0.9,0.15204651461596175,lh,lasso,1.0,0.0,CC121144
505,0.0,0.8,0.9,0.15204651461596175,rh,lasso,1.0,0.0,CC121144
506,0.0,0.4,0.9,0.5402502656222602,lh,lasso,4.0,0.0,CC121144
507,0.0,0.4,0.9,0.5402502656222602,rh,lasso,3.0,0.0,CC121144
508,0.0,0.6,0.9,0.3266328355138056,lh,lasso,1.0,0.0,CC121144
509,0.0,0.6,0.9,0.3266328355138056,rh,lasso,2.0,0.0,CC121144
510,0.0,0.2,0.9,0.7819434735655693,lh,lasso,7.0,0.0,CC121144
511,0.0,0.2,0.9,0.7819434735655693,rh,lasso,10.0,0.0,CC121144
512,0.0,0.7,0.9,0.24247568182331236,lh,lasso,1.0,0.0,CC121144
513,0.0,0.7,0.9,0.24247568182331236,rh,lasso,1.0,0.0,CC121144
514,0.0,0.5,0.9,0.4378684990870838,lh,lasso,2.0,0.0,CC121144
515,0.0,0.5,0.9,0.4378684990870838,rh,lasso,3.0,0.0,CC121144
516,0.0,0.1,0.9,0.9148677934795592,lh,lasso,15.0,0.0,CC121144
517,0.0,0.1,0.9,0.9148677934795592,rh,lasso,23.0,0.0,CC121144
518,0.0,0.3,0.9,0.6411795360688755,lh,lasso,6.0,0.0,CC121144
519,0.0,0.3,0.9,0.6411795360688755,rh,lasso,5.0,0.0,CC121144
520,0.0,0.25,0.9,0.6679701814500256,lh,lasso,8.0,0.0,CC121411
521,0.0,0.25,0.9,0.6679701814500256,rh,lasso,7.0,0.0,CC121411
522,0.0,0.15,0.9,0.8126728940732119,lh,lasso,12.0,0.0,CC121411
523,0.0,0.15,0.9,0.8126728940732119,rh,lasso,15.0,0.0,CC121411
524,0.0,0.8,0.9,0.12721510990001783,lh,lasso,2.0,0.0,CC121411
525,0.0,0.8,0.9,0.12721510990001783,rh,lasso,0.0,0.0,CC121411
526,0.0,0.4,0.9,0.48908105756657305,lh,lasso,3.0,0.0,CC121411
527,0.0,0.4,0.9,0.48908105756657305,rh,lasso,2.0,0.0,CC121411
528,0.0,0.6,0.9,0.30786097475056395,lh,lasso,2.0,0.0,CC121411
529,0.0,0.6,0.9,0.30786097475056395,rh,lasso,1.0,0.0,CC121411
530,0.0,0.2,0.9,0.7404894218833795,lh,lasso,9.0,0.0,CC121411
531,0.0,0.2,0.9,0.7404894218833795,rh,lasso,11.0,0.0,CC121411
532,0.0,0.7,0.9,0.2034425266058978,lh,lasso,2.0,0.0,CC121411
533,0.0,0.7,0.9,0.2034425266058978,rh,lasso,1.0,0.0,CC121411
534,0.0,0.5,0.9,0.4021828376888401,lh,lasso,2.0,0.0,CC121411
535,0.0,0.5,0.9,0.4021828376888401,rh,lasso,2.0,0.0,CC121411
536,0.0,0.1,0.9,0.885216828005167,lh,lasso,18.0,0.0,CC121411
537,0.0,0.1,0.9,0.885216828005167,rh,lasso,22.0,0.0,CC121411
538,0.0,0.3,0.9,0.6021092624008446,lh,lasso,5.0,0.0,CC121411
539,0.0,0.3,0.9,0.6021092624008446,rh,lasso,7.0,0.0,CC121411
540,0.0,0.25,0.9,0.6956595419451268,lh,lasso,6.0,0.0,CC121428
541,0.0,0.25,0.9,0.6956595419451268,rh,lasso,10.0,0.0,CC121428
542,0.0,0.15,0.9,0.8342563821814654,lh,lasso,11.0,0.0,CC121428
543,0.0,0.15,0.9,0.8342563821814654,rh,lasso,15.0,0.0,CC121428
544,0.0,0.8,0.9,0.14673465065352997,lh,lasso,0.0,0.0,CC121428
545,0.0,0.8,0.9,0.14673465065352997,rh,lasso,1.0,0.0,CC121428
546,0.0,0.4,0.9,0.513918963372757,lh,lasso,2.0,0.0,CC121428
547,0.0,0.4,0.9,0.513918963372757,rh,lasso,5.0,0.0,CC121428
548,0.0,0.6,0.9,0.26663765807363826,lh,lasso,0.0,0.0,CC121428
549,0.0,0.6,0.9,0.26663765807363826,rh,lasso,2.0,0.0,CC121428
550,0.0,0.2,0.9,0.7624283298822166,lh,lasso,9.0,0.0,CC121428
551,0.0,0.2,0.9,0.7624283298822166,rh,lasso,11.0,0.0,CC121428
552,0.0,0.7,0.9,0.2078740884258341,lh,lasso,0.0,0.0,CC121428
553,0.0,0.7,0.9,0.2078740884258341,rh,lasso,1.0,0.0,CC121428
554,0.0,0.5,0.9,0.3693827360941371,lh,lasso,1.0,0.0,CC121428
555,0.0,0.5,0.9,0.3693827360941371,rh,lasso,4.0,0.0,CC121428
556,0.0,0.1,0.9,0.902419197551543,lh,lasso,18.0,0.0,CC121428
557,0.0,0.1,0.9,0.902419197551543,rh,lasso,16.0,0.0,CC121428
558,0.0,0.3,0.9,0.6391713109728856,lh,lasso,4.0,0.0,CC121428
559,0.0,0.3,0.9,0.6391713109728856,rh,lasso,8.0,0.0,CC121428
560,0.0,0.25,0.9,0.757351465394625,lh,lasso,15.0,0.0,CC122172
561,0.0,0.25,0.9,0.757351465394625,rh,lasso,14.0,0.0,CC122172
562,0.0,0.15,0.9,0.8773961959235497,lh,lasso,22.0,0.0,CC122172
563,0.0,0.15,0.9,0.8773961959235497,rh,lasso,20.0,0.0,CC122172
564,0.0,0.8,0.9,0.09034414833847781,lh,lasso,1.0,0.0,CC122172
565,0.0,0.8,0.9,0.09034414833847781,rh,lasso,4.0,0.0,CC122172
566,0.0,0.4,0.9,0.5612216683198257,lh,lasso,8.0,0.0,CC122172
567,0.0,0.4,0.9,0.5612216683198257,rh,lasso,9.0,0.0,CC122172
568,0.0,0.6,0.9,0.2699554571366436,lh,lasso,6.0,0.0,CC122172
569,0.0,0.6,0.9,0.2699554571366436,rh,lasso,6.0,0.0,CC122172
570,0.0,0.2,0.9,0.819277233254783,lh,lasso,15.0,0.0,CC122172
571,0.0,0.2,0.9,0.819277233254783,rh,lasso,16.0,0.0,CC122172
572,0.0,0.7,0.9,0.14544029948234116,lh,lasso,2.0,0.0,CC122172
573,0.0,0.7,0.9,0.14544029948234116,rh,lasso,4.0,0.0,CC122172
574,0.0,0.5,0.9,0.4263035830192885,lh,lasso,6.0,0.0,CC122172
575,0.0,0.5,0.9,0.4263035830192885,rh,lasso,10.0,0.0,CC122172
576,0.0,0.1,0.9,0.929483558362517,lh,lasso,24.0,0.0,CC122172
577,0.0,0.1,0.9,0.929483558362517,rh,lasso,23.0,0.0,CC122172
578,0.0,0.3,0.9,0.6936831894604811,lh,lasso,12.0,0.0,CC122172
579,0.0,0.3,0.9,0.6936831894604811,rh,lasso,12.0,0.0,CC122172
580,0.0,0.25,0.9,0.6960686728046832,lh,lasso,9.0,0.0,CC210519
581,0.0,0.25,0.9,0.6960686728046832,rh,lasso,9.0,0.0,CC210519
582,0.0,0.15,0.9,0.8373283007598349,lh,lasso,12.0,0.0,CC210519
583,0.0,0.15,0.9,0.8373283007598349,rh,lasso,14.0,0.0,CC210519
584,0.0,0.8,0.9,0.14510803678198714,lh,lasso,0.0,0.0,CC210519
585,0.0,0.8,0.9,0.14510803678198714,rh,lasso,1.0,0.0,CC210519
586,0.0,0.4,0.9,0.4929574906260422,lh,lasso,6.0,0.0,CC210519
587,0.0,0.4,0.9,0.4929574906260422,rh,lasso,5.0,0.0,CC210519
588,0.0,0.6,0.9,0.29293426830803926,lh,lasso,2.0,0.0,CC210519
589,0.0,0.6,0.9,0.29293426830803926,rh,lasso,2.0,0.0,CC210519
590,0.0,0.2,0.9,0.7667494265668318,lh,lasso,10.0,0.0,CC210519
591,0.0,0.2,0.9,0.7667494265668318,rh,lasso,12.0,0.0,CC210519
592,0.0,0.7,0.9,0.21721381464411205,lh,lasso,1.0,0.0,CC210519
593,0.0,0.7,0.9,0.21721381464411205,rh,lasso,1.0,0.0,CC210519
594,0.0,0.5,0.9,0.37985267122146227,lh,lasso,3.0,0.0,CC210519
595,0.0,0.5,0.9,0.37985267122146227,rh,lasso,2.0,0.0,CC210519
596,0.0,0.1,0.9,0.9025919387683468,lh,lasso,16.0,0.0,CC210519
597,0.0,0.1,0.9,0.9025919387683468,rh,lasso,18.0,0.0,CC210519
598,0.0,0.3,0.9,0.6269790556849275,lh,lasso,7.0,0.0,CC210519
599,0.0,0.3,0.9,0.6269790556849275,rh,lasso,8.0,0.0,CC210519
600,0.0,0.25,0.9,0.6606837431776607,lh,lasso,13.0,0.0,CC220526
601,0.0,0.25,0.9,0.6606837431776607,rh,lasso,15.0,0.0,CC220526
602,0.0,0.15,0.9,0.8174857315176218,lh,lasso,18.0,0.0,CC220526
603,0.0,0.15,0.9,0.8174857315176218,rh,lasso,19.0,0.0,CC220526
604,0.0,0.8,0.9,0.0700821109580253,lh,lasso,1.0,0.0,CC220526
605,0.0,0.8,0.9,0.0700821109580253,rh,lasso,0.0,0.0,CC220526
606,0.0,0.4,0.9,0.4592123706739508,lh,lasso,8.0,0.0,CC220526
607,0.0,0.4,0.9,0.4592123706739508,rh,lasso,9.0,0.0,CC220526
608,0.0,0.6,0.9,0.23132434981620165,lh,lasso,4.0,0.0,CC220526
609,0.0,0.6,0.9,0.23132434981620165,rh,lasso,4.0,0.0,CC220526
610,0.0,0.2,0.9,0.7344432349291401,lh,lasso,15.0,0.0,CC220526
611,0.0,0.2,0.9,0.7344432349291401,rh,lasso,18.0,0.0,CC220526
612,0.0,0.7,0.9,0.12377167086201013,lh,lasso,3.0,0.0,CC220526
613,0.0,0.7,0.9,0.12377167086201013,rh,lasso,2.0,0.0,CC220526
614,0.0,0.5,0.9,0.3422785859350861,lh,lasso,6.0,0.0,CC220526
615,0.0,0.5,0.9,0.3422785859350861,rh,lasso,8.0,0.0,CC220526
616,0.0,0.1,0.9,0.8907075025274542,lh,lasso,23.0,0.0,CC220526
617,0.0,0.1,0.9,0.8907075025274542,rh,lasso,26.0,0.0,CC220526
618,0.0,0.3,0.9,0.586788580259868,lh,lasso,11.0,0.0,CC220526
619,0.0,0.3,0.9,0.586788580259868,rh,lasso,11.0,0.0,CC220526
620,0.0,0.25,0.9,0.6998950317578992,lh,lasso,16.0,0.0,CC221373
621,0.0,0.25,0.9,0.6998950317578992,rh,lasso,8.0,0.0,CC221373
622,0.0,0.15,0.9,0.8381767285942607,lh,lasso,22.0,0.0,CC221373
623,0.0,0.15,0.9,0.8381767285942607,rh,lasso,19.0,0.0,CC221373
624,0.0,0.8,0.9,0.12421601564358431,lh,lasso,2.0,0.0,CC221373
625,0.0,0.8,0.9,0.12421601564358431,rh,lasso,1.0,0.0,CC221373
626,0.0,0.4,0.9,0.4938835073511284,lh,lasso,7.0,0.0,CC221373
627,0.0,0.4,0.9,0.4938835073511284,rh,lasso,3.0,0.0,CC221373
628,0.0,0.6,0.9,0.26321073120453964,lh,lasso,3.0,0.0,CC221373
629,0.0,0.6,0.9,0.26321073120453964,rh,lasso,1.0,0.0,CC221373
630,0.0,0.2,0.9,0.7662989298068759,lh,lasso,14.0,0.0,CC221373
631,0.0,0.2,0.9,0.7662989298068759,rh,lasso,14.0,0.0,CC221373
632,0.0,0.7,0.9,0.19834512503961077,lh,lasso,3.0,0.0,CC221373
633,0.0,0.7,0.9,0.19834512503961077,rh,lasso,1.0,0.0,CC221373
634,0.0,0.5,0.9,0.3707240567689081,lh,lasso,5.0,0.0,CC221373
635,0.0,0.5,0.9,0.3707240567689081,rh,lasso,2.0,0.0,CC221373
636,0.0,0.1,0.9,0.9082845343885078,lh,lasso,23.0,0.0,CC221373
637,0.0,0.1,0.9,0.9082845343885078,rh,lasso,25.0,0.0,CC221373
638,0.0,0.3,0.9,0.6281605835754156,lh,lasso,12.0,0.0,CC221373
639,0.0,0.3,0.9,0.6281605835754156,rh,lasso,4.0,0.0,CC221373
640,0.0,0.25,0.9,0.522687139598055,lh,adalasso,1.0,0.0,CC110033
641,0.0,0.25,0.9,0.522687139598055,rh,adalasso,2.0,0.0,CC110033
642,0.0,0.15,0.9,0.7153564579210183,lh,adalasso,3.0,0.0,CC110033
643,0.0,0.15,0.9,0.7153564579210183,rh,adalasso,3.0,0.0,CC110033
644,0.0,0.8,0.9,0.0,lh,adalasso,0.0,0.0,CC110033
645,0.0,0.8,0.9,0.0,rh,adalasso,0.0,0.0,CC110033
646,0.0,0.4,0.9,0.45189838290699325,lh,adalasso,1.0,0.0,CC110033
647,0.0,0.4,0.9,0.45189838290699325,rh,adalasso,1.0,0.0,CC110033
648,0.0,0.6,0.9,0.2953167883751474,lh,adalasso,1.0,0.0,CC110033
649,0.0,0.6,0.9,0.2953167883751474,rh,adalasso,0.0,0.0,CC110033
650,0.0,0.2,0.9,0.6257206666729687,lh,adalasso,1.0,0.0,CC110033
651,0.0,0.2,0.9,0.6257206666729687,rh,adalasso,4.0,0.0,CC110033
652,0.0,0.7,0.9,0.2680987887052346,lh,adalasso,1.0,0.0,CC110033
653,0.0,0.7,0.9,0.2680987887052346,rh,adalasso,0.0,0.0,CC110033
654,0.0,0.5,0.9,0.42403233232215154,lh,adalasso,1.0,0.0,CC110033
655,0.0,0.5,0.9,0.42403233232215154,rh,adalasso,1.0,0.0,CC110033
656,0.0,0.1,0.9,0.7645051912396638,lh,adalasso,3.0,0.0,CC110033
657,0.0,0.1,0.9,0.7645051912396638,rh,adalasso,4.0,0.0,CC110033
658,0.0,0.3,0.9,0.4690198041573115,lh,adalasso,1.0,0.0,CC110033
659,0.0,0.3,0.9,0.4690198041573115,rh,adalasso,1.0,0.0,CC110033
660,0.0,0.25,0.9,0.6165732803701051,lh,adalasso,0.0,0.0,CC110101
661,0.0,0.25,0.9,0.6165732803701051,rh,adalasso,2.0,0.0,CC110101
662,0.0,0.15,0.9,0.6895959544646751,lh,adalasso,1.0,0.0,CC110101
663,0.0,0.15,0.9,0.6895959544646751,rh,adalasso,2.0,0.0,CC110101
664,0.0,0.8,0.9,0.4551798886402001,lh,adalasso,0.0,0.0,CC110101
665,0.0,0.8,0.9,0.4551798886402001,rh,adalasso,1.0,0.0,CC110101
666,0.0,0.4,0.9,0.5141405364849487,lh,adalasso,0.0,0.0,CC110101
667,0.0,0.4,0.9,0.5141405364849487,rh,adalasso,1.0,0.0,CC110101
668,0.0,0.6,0.9,0.49323453941154916,lh,adalasso,0.0,0.0,CC110101
669,0.0,0.6,0.9,0.49323453941154916,rh,adalasso,1.0,0.0,CC110101
670,0.0,0.2,0.9,0.6408278967057278,lh,adalasso,0.0,0.0,CC110101
671,0.0,0.2,0.9,0.6408278967057278,rh,adalasso,2.0,0.0,CC110101
672,0.0,0.7,0.9,0.4770960782621104,lh,adalasso,0.0,0.0,CC110101
673,0.0,0.7,0.9,0.4770960782621104,rh,adalasso,1.0,0.0,CC110101
674,0.0,0.5,0.9,0.5052662472084483,lh,adalasso,0.0,0.0,CC110101
675,0.0,0.5,0.9,0.5052662472084483,rh,adalasso,1.0,0.0,CC110101
676,0.0,0.1,0.9,0.7777252927595024,lh,adalasso,2.0,0.0,CC110101
677,0.0,0.1,0.9,0.7777252927595024,rh,adalasso,4.0,0.0,CC110101
678,0.0,0.3,0.9,0.6078538130428328,lh,adalasso,0.0,0.0,CC110101
679,0.0,0.3,0.9,0.6078538130428328,rh,adalasso,2.0,0.0,CC110101
680,0.0,0.25,0.9,0.6594976042983294,lh,adalasso,2.0,0.0,CC110187
681,0.0,0.25,0.9,0.6594976042983294,rh,adalasso,1.0,0.0,CC110187
682,0.0,0.15,0.9,0.7819473382115131,lh,adalasso,4.0,0.0,CC110187
683,0.0,0.15,0.9,0.7819473382115131,rh,adalasso,2.0,0.0,CC110187
684,0.0,0.8,0.9,0.2570006381284262,lh,adalasso,0.0,0.0,CC110187
685,0.0,0.8,0.9,0.2570006381284262,rh,adalasso,1.0,0.0,CC110187
686,0.0,0.4,0.9,0.5354305793294423,lh,adalasso,1.0,0.0,CC110187
687,0.0,0.4,0.9,0.5354305793294423,rh,adalasso,1.0,0.0,CC110187
688,0.0,0.6,0.9,0.457830430756925,lh,adalasso,1.0,0.0,CC110187
689,0.0,0.6,0.9,0.457830430756925,rh,adalasso,1.0,0.0,CC110187
690,0.0,0.2,0.9,0.709825206926454,lh,adalasso,2.0,0.0,CC110187
691,0.0,0.2,0.9,0.709825206926454,rh,adalasso,2.0,0.0,CC110187
692,0.0,0.7,0.9,0.27459852791284356,lh,adalasso,0.0,0.0,CC110187
693,0.0,0.7,0.9,0.27459852791284356,rh,adalasso,1.0,0.0,CC110187
694,0.0,0.5,0.9,0.4820397881105044,lh,adalasso,1.0,0.0,CC110187
695,0.0,0.5,0.9,0.4820397881105044,rh,adalasso,1.0,0.0,CC110187
696,0.0,0.1,0.9,0.8282918348854248,lh,adalasso,6.0,0.0,CC110187
697,0.0,0.1,0.9,0.8282918348854248,rh,adalasso,3.0,0.0,CC110187
698,0.0,0.3,0.9,0.6502622988073665,lh,adalasso,2.0,0.0,CC110187
699,0.0,0.3,0.9,0.6502622988073665,rh,adalasso,1.0,0.0,CC110187
700,0.0,0.25,0.9,0.6192970866018506,lh,adalasso,1.0,0.0,CC110411
701,0.0,0.25,0.9,0.6192970866018506,rh,adalasso,3.0,0.0,CC110411
702,0.0,0.15,0.9,0.7494182177924125,lh,adalasso,2.0,0.0,CC110411
703,0.0,0.15,0.9,0.7494182177924125,rh,adalasso,5.0,0.0,CC110411
704,0.0,0.8,0.9,0.34534077931980867,lh,adalasso,0.0,0.0,CC110411
705,0.0,0.8,0.9,0.34534077931980867,rh,adalasso,1.0,0.0,CC110411
706,0.0,0.4,0.9,0.4729617048429229,lh,adalasso,0.0,0.0,CC110411
707,0.0,0.4,0.9,0.4729617048429229,rh,adalasso,2.0,0.0,CC110411
708,0.0,0.6,0.9,0.37136658571885217,lh,adalasso,0.0,0.0,CC110411
709,0.0,0.6,0.9,0.37136658571885217,rh,adalasso,1.0,0.0,CC110411
710,0.0,0.2,0.9,0.6691323740510025,lh,adalasso,1.0,0.0,CC110411
711,0.0,0.2,0.9,0.6691323740510025,rh,adalasso,4.0,0.0,CC110411
712,0.0,0.7,0.9,0.3602441194765804,lh,adalasso,0.0,0.0,CC110411
713,0.0,0.7,0.9,0.3602441194765804,rh,adalasso,1.0,0.0,CC110411
714,0.0,0.5,0.9,0.37972678792090986,lh,adalasso,0.0,0.0,CC110411
715,0.0,0.5,0.9,0.37972678792090986,rh,adalasso,1.0,0.0,CC110411
716,0.0,0.1,0.9,0.8266800148221478,lh,adalasso,3.0,0.0,CC110411
717,0.0,0.1,0.9,0.8266800148221478,rh,adalasso,7.0,0.0,CC110411
718,0.0,0.3,0.9,0.5718357707595179,lh,adalasso,1.0,0.0,CC110411
719,0.0,0.3,0.9,0.5718357707595179,rh,adalasso,2.0,0.0,CC110411
720,0.0,0.25,0.9,0.5791476996130949,lh,adalasso,2.0,0.0,CC110606
721,0.0,0.25,0.9,0.5791476996130949,rh,adalasso,1.0,0.0,CC110606
722,0.0,0.15,0.9,0.6820493347448422,lh,adalasso,3.0,0.0,CC110606
723,0.0,0.15,0.9,0.6820493347448422,rh,adalasso,2.0,0.0,CC110606
724,0.0,0.8,0.9,0.3130545483087096,lh,adalasso,1.0,0.0,CC110606
725,0.0,0.8,0.9,0.3130545483087096,rh,adalasso,0.0,0.0,CC110606
726,0.0,0.4,0.9,0.405541483509536,lh,adalasso,1.0,0.0,CC110606
727,0.0,0.4,0.9,0.405541483509536,rh,adalasso,0.0,0.0,CC110606
728,0.0,0.6,0.9,0.37752491471005445,lh,adalasso,1.0,0.0,CC110606
729,0.0,0.6,0.9,0.37752491471005445,rh,adalasso,0.0,0.0,CC110606
730,0.0,0.2,0.9,0.629700284967524,lh,adalasso,3.0,0.0,CC110606
731,0.0,0.2,0.9,0.629700284967524,rh,adalasso,1.0,0.0,CC110606
732,0.0,0.7,0.9,0.3533243133074837,lh,adalasso,1.0,0.0,CC110606
733,0.0,0.7,0.9,0.3533243133074837,rh,adalasso,0.0,0.0,CC110606
734,0.0,0.5,0.9,0.39400813258677747,lh,adalasso,1.0,0.0,CC110606
735,0.0,0.5,0.9,0.39400813258677747,rh,adalasso,0.0,0.0,CC110606
736,0.0,0.1,0.9,0.7786635179334146,lh,adalasso,6.0,0.0,CC110606
737,0.0,0.1,0.9,0.7786635179334146,rh,adalasso,2.0,0.0,CC110606
738,0.0,0.3,0.9,0.4134756775219227,lh,adalasso,1.0,0.0,CC110606
739,0.0,0.3,0.9,0.4134756775219227,rh,adalasso,0.0,0.0,CC110606
740,0.0,0.25,0.9,0.5851782812869424,lh,adalasso,2.0,0.0,CC112141
741,0.0,0.25,0.9,0.5851782812869424,rh,adalasso,2.0,0.0,CC112141
742,0.0,0.15,0.9,0.7808999165025601,lh,adalasso,7.0,0.0,CC112141
743,0.0,0.15,0.9,0.7808999165025601,rh,adalasso,2.0,0.0,CC112141
744,0.0,0.8,0.9,0.0,lh,adalasso,0.0,0.0,CC112141
745,0.0,0.8,0.9,0.0,rh,adalasso,0.0,0.0,CC112141
746,0.0,0.4,0.9,0.4088970503701501,lh,adalasso,1.0,0.0,CC112141
747,0.0,0.4,0.9,0.4088970503701501,rh,adalasso,1.0,0.0,CC112141
748,0.0,0.6,0.9,0.30393003336086466,lh,adalasso,1.0,0.0,CC112141
749,0.0,0.6,0.9,0.30393003336086466,rh,adalasso,0.0,0.0,CC112141
750,0.0,0.2,0.9,0.676666540673174,lh,adalasso,2.0,0.0,CC112141
751,0.0,0.2,0.9,0.676666540673174,rh,adalasso,2.0,0.0,CC112141
752,0.0,0.7,0.9,0.28328473548751243,lh,adalasso,1.0,0.0,CC112141
753,0.0,0.7,0.9,0.28328473548751243,rh,adalasso,0.0,0.0,CC112141
754,0.0,0.5,0.9,0.31783838396112185,lh,adalasso,1.0,0.0,CC112141
755,0.0,0.5,0.9,0.31783838396112185,rh,adalasso,0.0,0.0,CC112141
756,0.0,0.1,0.9,0.8693227184972426,lh,adalasso,8.0,0.0,CC112141
757,0.0,0.1,0.9,0.8693227184972426,rh,adalasso,4.0,0.0,CC112141
758,0.0,0.3,0.9,0.5592867848379105,lh,adalasso,2.0,0.0,CC112141
759,0.0,0.3,0.9,0.5592867848379105,rh,adalasso,2.0,0.0,CC112141
760,0.0,0.25,0.9,0.6171542727048938,lh,adalasso,2.0,0.0,CC120008
761,0.0,0.25,0.9,0.6171542727048938,rh,adalasso,3.0,0.0,CC120008
762,0.0,0.15,0.9,0.7207733542466881,lh,adalasso,4.0,0.0,CC120008
763,0.0,0.15,0.9,0.7207733542466881,rh,adalasso,4.0,0.0,CC120008
764,0.0,0.8,0.9,0.0,lh,adalasso,0.0,0.0,CC120008
765,0.0,0.8,0.9,0.0,rh,adalasso,0.0,0.0,CC120008
766,0.0,0.4,0.9,0.47994597503922676,lh,adalasso,1.0,0.0,CC120008
767,0.0,0.4,0.9,0.47994597503922676,rh,adalasso,2.0,0.0,CC120008
768,0.0,0.6,0.9,0.3381145802723723,lh,adalasso,1.0,0.0,CC120008
769,0.0,0.6,0.9,0.3381145802723723,rh,adalasso,1.0,0.0,CC120008
770,0.0,0.2,0.9,0.6671883331158801,lh,adalasso,3.0,0.0,CC120008
771,0.0,0.2,0.9,0.6671883331158801,rh,adalasso,3.0,0.0,CC120008
772,0.0,0.7,0.9,0.20938740632498587,lh,adalasso,1.0,0.0,CC120008
773,0.0,0.7,0.9,0.20938740632498587,rh,adalasso,0.0,0.0,CC120008
774,0.0,0.5,0.9,0.3683370929008397,lh,adalasso,1.0,0.0,CC120008
775,0.0,0.5,0.9,0.3683370929008397,rh,adalasso,1.0,0.0,CC120008
776,0.0,0.1,0.9,0.8349124897548272,lh,adalasso,5.0,0.0,CC120008
777,0.0,0.1,0.9,0.8349124897548272,rh,adalasso,8.0,0.0,CC120008
778,0.0,0.3,0.9,0.5095211852524907,lh,adalasso,1.0,0.0,CC120008
779,0.0,0.3,0.9,0.5095211852524907,rh,adalasso,2.0,0.0,CC120008
780,0.0,0.25,0.9,0.618168753390405,lh,adalasso,2.0,0.0,CC120049
781,0.0,0.25,0.9,0.618168753390405,rh,adalasso,4.0,0.0,CC120049
782,0.0,0.15,0.9,0.7754309594819405,lh,adalasso,3.0,0.0,CC120049
783,0.0,0.15,0.9,0.7754309594819405,rh,adalasso,6.0,0.0,CC120049
784,0.0,0.8,0.9,0.22919405169541007,lh,adalasso,0.0,0.0,CC120049
785,0.0,0.8,0.9,0.22919405169541007,rh,adalasso,1.0,0.0,CC120049
786,0.0,0.4,0.9,0.36301621120320937,lh,adalasso,0.0,0.0,CC120049
787,0.0,0.4,0.9,0.36301621120320937,rh,adalasso,2.0,0.0,CC120049
788,0.0,0.6,0.9,0.26474043659589286,lh,adalasso,0.0,0.0,CC120049
789,0.0,0.6,0.9,0.26474043659589286,rh,adalasso,1.0,0.0,CC120049
790,0.0,0.2,0.9,0.7050648008872749,lh,adalasso,3.0,0.0,CC120049
791,0.0,0.2,0.9,0.7050648008872749,rh,adalasso,5.0,0.0,CC120049
792,0.0,0.7,0.9,0.25067747932945716,lh,adalasso,0.0,0.0,CC120049
793,0.0,0.7,0.9,0.25067747932945716,rh,adalasso,1.0,0.0,CC120049
794,0.0,0.5,0.9,0.27462443353471666,lh,adalasso,0.0,0.0,CC120049
795,0.0,0.5,0.9,0.27462443353471666,rh,adalasso,1.0,0.0,CC120049
796,0.0,0.1,0.9,0.8715505330998522,lh,adalasso,7.0,0.0,CC120049
797,0.0,0.1,0.9,0.8715505330998522,rh,adalasso,7.0,0.0,CC120049
798,0.0,0.3,0.9,0.4534805771290541,lh,adalasso,1.0,0.0,CC120049
799,0.0,0.3,0.9,0.4534805771290541,rh,adalasso,2.0,0.0,CC120049
800,0.0,0.25,0.9,0.720392417349027,lh,adalasso,4.0,0.0,CC120061
801,0.0,0.25,0.9,0.720392417349027,rh,adalasso,2.0,0.0,CC120061
802,0.0,0.15,0.9,0.8229552013919179,lh,adalasso,5.0,0.0,CC120061
803,0.0,0.15,0.9,0.8229552013919179,rh,adalasso,4.0,0.0,CC120061
804,0.0,0.8,0.9,0.17921856178404416,lh,adalasso,1.0,0.0,CC120061
805,0.0,0.8,0.9,0.17921856178404416,rh,adalasso,0.0,0.0,CC120061
806,0.0,0.4,0.9,0.6021105245048548,lh,adalasso,2.0,0.0,CC120061
807,0.0,0.4,0.9,0.6021105245048548,rh,adalasso,1.0,0.0,CC120061
808,0.0,0.6,0.9,0.539919257958376,lh,adalasso,2.0,0.0,CC120061
809,0.0,0.6,0.9,0.539919257958376,rh,adalasso,1.0,0.0,CC120061
810,0.0,0.2,0.9,0.755102526759202,lh,adalasso,4.0,0.0,CC120061
811,0.0,0.2,0.9,0.755102526759202,rh,adalasso,2.0,0.0,CC120061
812,0.0,0.7,0.9,0.1995080058298453,lh,adalasso,1.0,0.0,CC120061
813,0.0,0.7,0.9,0.1995080058298453,rh,adalasso,0.0,0.0,CC120061
814,0.0,0.5,0.9,0.5780913932219769,lh,adalasso,2.0,0.0,CC120061
815,0.0,0.5,0.9,0.5780913932219769,rh,adalasso,1.0,0.0,CC120061
816,0.0,0.1,0.9,0.8679306697283964,lh,adalasso,7.0,0.0,CC120061
817,0.0,0.1,0.9,0.8679306697283964,rh,adalasso,5.0,0.0,CC120061
818,0.0,0.3,0.9,0.6178858234099927,lh,adalasso,2.0,0.0,CC120061
819,0.0,0.3,0.9,0.6178858234099927,rh,adalasso,1.0,0.0,CC120061
820,0.0,0.25,0.9,0.68695326759138,lh,adalasso,4.0,0.0,CC120120
821,0.0,0.25,0.9,0.68695326759138,rh,adalasso,3.0,0.0,CC120120
822,0.0,0.15,0.9,0.7773655444151656,lh,adalasso,6.0,0.0,CC120120
823,0.0,0.15,0.9,0.7773655444151656,rh,adalasso,3.0,0.0,CC120120
824,0.0,0.8,0.9,0.0,lh,adalasso,0.0,0.0,CC120120
825,0.0,0.8,0.9,0.0,rh,adalasso,0.0,0.0,CC120120
826,0.0,0.4,0.9,0.4609680780037094,lh,adalasso,3.0,0.0,CC120120
827,0.0,0.4,0.9,0.4609680780037094,rh,adalasso,1.0,0.0,CC120120
828,0.0,0.6,0.9,0.1651246716497622,lh,adalasso,1.0,0.0,CC120120
829,0.0,0.6,0.9,0.1651246716497622,rh,adalasso,0.0,0.0,CC120120
830,0.0,0.2,0.9,0.7468071592729195,lh,adalasso,5.0,0.0,CC120120
831,0.0,0.2,0.9,0.7468071592729195,rh,adalasso,3.0,0.0,CC120120
832,0.0,0.7,0.9,0.13931241116182647,lh,adalasso,1.0,0.0,CC120120
833,0.0,0.7,0.9,0.13931241116182647,rh,adalasso,0.0,0.0,CC120120
834,0.0,0.5,0.9,0.1785627311744301,lh,adalasso,1.0,0.0,CC120120
835,0.0,0.5,0.9,0.1785627311744301,rh,adalasso,0.0,0.0,CC120120
836,0.0,0.1,0.9,0.8483118324864964,lh,adalasso,8.0,0.0,CC120120
837,0.0,0.1,0.9,0.8483118324864964,rh,adalasso,5.0,0.0,CC120120
838,0.0,0.3,0.9,0.639502357022804,lh,adalasso,4.0,0.0,CC120120
839,0.0,0.3,0.9,0.639502357022804,rh,adalasso,2.0,0.0,CC120120
840,0.0,0.25,0.9,0.6040335684916651,lh,adalasso,1.0,0.0,CC120166
841,0.0,0.25,0.9,0.6040335684916651,rh,adalasso,3.0,0.0,CC120166
842,0.0,0.15,0.9,0.7357922448531171,lh,adalasso,3.0,0.0,CC120166
843,0.0,0.15,0.9,0.7357922448531171,rh,adalasso,3.0,0.0,CC120166
844,0.0,0.8,0.9,0.0,lh,adalasso,0.0,0.0,CC120166
845,0.0,0.8,0.9,0.0,rh,adalasso,0.0,0.0,CC120166
846,0.0,0.4,0.9,0.3608145103368815,lh,adalasso,0.0,0.0,CC120166
847,0.0,0.4,0.9,0.3608145103368815,rh,adalasso,1.0,0.0,CC120166
848,0.0,0.6,0.9,0.33449295436985915,lh,adalasso,0.0,0.0,CC120166
849,0.0,0.6,0.9,0.33449295436985915,rh,adalasso,1.0,0.0,CC120166
850,0.0,0.2,0.9,0.6774417352931645,lh,adalasso,2.0,0.0,CC120166
851,0.0,0.2,0.9,0.6774417352931645,rh,adalasso,3.0,0.0,CC120166
852,0.0,0.7,0.9,0.31135562526303995,lh,adalasso,0.0,0.0,CC120166
853,0.0,0.7,0.9,0.31135562526303995,rh,adalasso,1.0,0.0,CC120166
854,0.0,0.5,0.9,0.3500246004383333,lh,adalasso,0.0,0.0,CC120166
855,0.0,0.5,0.9,0.3500246004383333,rh,adalasso,1.0,0.0,CC120166
856,0.0,0.1,0.9,0.8475023270711755,lh,adalasso,5.0,0.0,CC120166
857,0.0,0.1,0.9,0.8475023270711755,rh,adalasso,6.0,0.0,CC120166
858,0.0,0.3,0.9,0.4270671398360153,lh,adalasso,0.0,0.0,CC120166
859,0.0,0.3,0.9,0.4270671398360153,rh,adalasso,2.0,0.0,CC120166
860,0.0,0.25,0.9,0.636714764399088,lh,adalasso,3.0,0.0,CC120182
861,0.0,0.25,0.9,0.636714764399088,rh,adalasso,2.0,0.0,CC120182
862,0.0,0.15,0.9,0.757361590702677,lh,adalasso,4.0,0.0,CC120182
863,0.0,0.15,0.9,0.757361590702677,rh,adalasso,3.0,0.0,CC120182
864,0.0,0.8,0.9,0.0,lh,adalasso,0.0,0.0,CC120182
865,0.0,0.8,0.9,0.0,rh,adalasso,0.0,0.0,CC120182
866,0.0,0.4,0.9,0.4415270054081092,lh,adalasso,1.0,0.0,CC120182
867,0.0,0.4,0.9,0.4415270054081092,rh,adalasso,1.0,0.0,CC120182
868,0.0,0.6,0.9,0.1983343442654273,lh,adalasso,1.0,0.0,CC120182
869,0.0,0.6,0.9,0.1983343442654273,rh,adalasso,0.0,0.0,CC120182
870,0.0,0.2,0.9,0.6921728495599003,lh,adalasso,3.0,0.0,CC120182
871,0.0,0.2,0.9,0.6921728495599003,rh,adalasso,3.0,0.0,CC120182
872,0.0,0.7,0.9,0.16252490107583928,lh,adalasso,1.0,0.0,CC120182
873,0.0,0.7,0.9,0.16252490107583928,rh,adalasso,0.0,0.0,CC120182
874,0.0,0.5,0.9,0.39229443233565964,lh,adalasso,1.0,0.0,CC120182
875,0.0,0.5,0.9,0.39229443233565964,rh,adalasso,1.0,0.0,CC120182
876,0.0,0.1,0.9,0.8111293809869534,lh,adalasso,5.0,0.0,CC120182
877,0.0,0.1,0.9,0.8111293809869534,rh,adalasso,4.0,0.0,CC120182
878,0.0,0.3,0.9,0.5378827073126418,lh,adalasso,2.0,0.0,CC120182
879,0.0,0.3,0.9,0.5378827073126418,rh,adalasso,1.0,0.0,CC120182
880,0.0,0.25,0.9,0.6776626857348143,lh,adalasso,2.0,0.0,CC120218
881,0.0,0.25,0.9,0.6776626857348143,rh,adalasso,3.0,0.0,CC120218
882,0.0,0.15,0.9,0.8276866521684506,lh,adalasso,3.0,0.0,CC120218
883,0.0,0.15,0.9,0.8276866521684506,rh,adalasso,6.0,0.0,CC120218
884,0.0,0.8,0.9,0.0,lh,adalasso,0.0,0.0,CC120218
885,0.0,0.8,0.9,0.0,rh,adalasso,0.0,0.0,CC120218
886,0.0,0.4,0.9,0.5306893268892021,lh,adalasso,1.0,0.0,CC120218
887,0.0,0.4,0.9,0.5306893268892021,rh,adalasso,2.0,0.0,CC120218
888,0.0,0.6,0.9,0.2663820588510406,lh,adalasso,1.0,0.0,CC120218
889,0.0,0.6,0.9,0.2663820588510406,rh,adalasso,0.0,0.0,CC120218
890,0.0,0.2,0.9,0.6919369053351894,lh,adalasso,2.0,0.0,CC120218
891,0.0,0.2,0.9,0.6919369053351894,rh,adalasso,3.0,0.0,CC120218
892,0.0,0.7,0.9,0.25180423754334813,lh,adalasso,1.0,0.0,CC120218
893,0.0,0.7,0.9,0.25180423754334813,rh,adalasso,0.0,0.0,CC120218
894,0.0,0.5,0.9,0.4318594446802443,lh,adalasso,1.0,0.0,CC120218
895,0.0,0.5,0.9,0.4318594446802443,rh,adalasso,1.0,0.0,CC120218
896,0.0,0.1,0.9,0.8655521581970598,lh,adalasso,4.0,0.0,CC120218
897,0.0,0.1,0.9,0.8655521581970598,rh,adalasso,6.0,0.0,CC120218
898,0.0,0.3,0.9,0.6249087044374122,lh,adalasso,2.0,0.0,CC120218
899,0.0,0.3,0.9,0.6249087044374122,rh,adalasso,2.0,0.0,CC120218
900,0.0,0.25,0.9,0.6400245219860858,lh,adalasso,3.0,0.0,CC120264
901,0.0,0.25,0.9,0.6400245219860858,rh,adalasso,3.0,0.0,CC120264
902,0.0,0.15,0.9,0.7645256319457813,lh,adalasso,7.0,0.0,CC120264
903,0.0,0.15,0.9,0.7645256319457813,rh,adalasso,4.0,0.0,CC120264
904,0.0,0.8,0.9,0.1873759948465814,lh,adalasso,0.0,0.0,CC120264
905,0.0,0.8,0.9,0.1873759948465814,rh,adalasso,1.0,0.0,CC120264
906,0.0,0.4,0.9,0.42838604503847044,lh,adalasso,2.0,0.0,CC120264
907,0.0,0.4,0.9,0.42838604503847044,rh,adalasso,1.0,0.0,CC120264
908,0.0,0.6,0.9,0.21706709775213673,lh,adalasso,0.0,0.0,CC120264
909,0.0,0.6,0.9,0.21706709775213673,rh,adalasso,1.0,0.0,CC120264
910,0.0,0.2,0.9,0.6863973314370073,lh,adalasso,4.0,0.0,CC120264
911,0.0,0.2,0.9,0.6863973314370073,rh,adalasso,3.0,0.0,CC120264
912,0.0,0.7,0.9,0.2053602558892409,lh,adalasso,0.0,0.0,CC120264
913,0.0,0.7,0.9,0.2053602558892409,rh,adalasso,1.0,0.0,CC120264
914,0.0,0.5,0.9,0.31459435828179994,lh,adalasso,1.0,0.0,CC120264
915,0.0,0.5,0.9,0.31459435828179994,rh,adalasso,1.0,0.0,CC120264
916,0.0,0.1,0.9,0.8766646572824993,lh,adalasso,7.0,0.0,CC120264
917,0.0,0.1,0.9,0.8766646572824993,rh,adalasso,9.0,0.0,CC120264
918,0.0,0.3,0.9,0.6047441882783904,lh,adalasso,3.0,0.0,CC120264
919,0.0,0.3,0.9,0.6047441882783904,rh,adalasso,3.0,0.0,CC120264
920,0.0,0.25,0.9,0.7341761850034854,lh,adalasso,1.0,0.0,CC120309
921,0.0,0.25,0.9,0.7341761850034854,rh,adalasso,2.0,0.0,CC120309
922,0.0,0.15,0.9,0.89426926403478,lh,adalasso,5.0,0.0,CC120309
923,0.0,0.15,0.9,0.89426926403478,rh,adalasso,4.0,0.0,CC120309
924,0.0,0.8,0.9,0.24295478300766238,lh,adalasso,0.0,0.0,CC120309
925,0.0,0.8,0.9,0.24295478300766238,rh,adalasso,1.0,0.0,CC120309
926,0.0,0.4,0.9,0.6203667713021417,lh,adalasso,1.0,0.0,CC120309
927,0.0,0.4,0.9,0.6203667713021417,rh,adalasso,1.0,0.0,CC120309
928,0.0,0.6,0.9,0.5988739208017131,lh,adalasso,1.0,0.0,CC120309
929,0.0,0.6,0.9,0.5988739208017131,rh,adalasso,1.0,0.0,CC120309
930,0.0,0.2,0.9,0.8376936335988311,lh,adalasso,4.0,0.0,CC120309
931,0.0,0.2,0.9,0.8376936335988311,rh,adalasso,3.0,0.0,CC120309
932,0.0,0.7,0.9,0.5825451566025273,lh,adalasso,1.0,0.0,CC120309
933,0.0,0.7,0.9,0.5825451566025273,rh,adalasso,1.0,0.0,CC120309
934,0.0,0.5,0.9,0.6111978260606554,lh,adalasso,1.0,0.0,CC120309
935,0.0,0.5,0.9,0.6111978260606554,rh,adalasso,1.0,0.0,CC120309
936,0.0,0.1,0.9,0.9210308030682998,lh,adalasso,5.0,0.0,CC120309
937,0.0,0.1,0.9,0.9210308030682998,rh,adalasso,6.0,0.0,CC120309
938,0.0,0.3,0.9,0.7283345319953055,lh,adalasso,1.0,0.0,CC120309
939,0.0,0.3,0.9,0.7283345319953055,rh,adalasso,2.0,0.0,CC120309
940,0.0,0.25,0.9,0.7200712065377515,lh,adalasso,2.0,0.0,CC120313
941,0.0,0.25,0.9,0.7200712065377515,rh,adalasso,2.0,0.0,CC120313
942,0.0,0.15,0.9,0.8149567683060295,lh,adalasso,4.0,0.0,CC120313
943,0.0,0.15,0.9,0.8149567683060295,rh,adalasso,2.0,0.0,CC120313
944,0.0,0.8,0.9,0.3613341493326644,lh,adalasso,1.0,0.0,CC120313
945,0.0,0.8,0.9,0.3613341493326644,rh,adalasso,0.0,0.0,CC120313
946,0.0,0.4,0.9,0.655000360806926,lh,adalasso,2.0,0.0,CC120313
947,0.0,0.4,0.9,0.655000360806926,rh,adalasso,1.0,0.0,CC120313
948,0.0,0.6,0.9,0.379208263080527,lh,adalasso,1.0,0.0,CC120313
949,0.0,0.6,0.9,0.379208263080527,rh,adalasso,0.0,0.0,CC120313
950,0.0,0.2,0.9,0.7307146597702037,lh,adalasso,2.0,0.0,CC120313
951,0.0,0.2,0.9,0.7307146597702037,rh,adalasso,2.0,0.0,CC120313
952,0.0,0.7,0.9,0.3713833666558243,lh,adalasso,1.0,0.0,CC120313
953,0.0,0.7,0.9,0.3713833666558243,rh,adalasso,0.0,0.0,CC120313
954,0.0,0.5,0.9,0.556074689315802,lh,adalasso,1.0,0.0,CC120313
955,0.0,0.5,0.9,0.556074689315802,rh,adalasso,1.0,0.0,CC120313
956,0.0,0.1,0.9,0.8642929814701478,lh,adalasso,6.0,0.0,CC120313
957,0.0,0.1,0.9,0.8642929814701478,rh,adalasso,4.0,0.0,CC120313
958,0.0,0.3,0.9,0.6735543308290997,lh,adalasso,2.0,0.0,CC120313
959,0.0,0.3,0.9,0.6735543308290997,rh,adalasso,1.0,0.0,CC120313
960,0.0,0.25,0.9,0.6994407476685047,lh,adalasso,2.0,0.0,CC120319
961,0.0,0.25,0.9,0.6994407476685047,rh,adalasso,3.0,0.0,CC120319
962,0.0,0.15,0.9,0.7895533670013996,lh,adalasso,4.0,0.0,CC120319
963,0.0,0.15,0.9,0.7895533670013996,rh,adalasso,4.0,0.0,CC120319
964,0.0,0.8,0.9,0.22254635309038295,lh,adalasso,0.0,0.0,CC120319
965,0.0,0.8,0.9,0.22254635309038295,rh,adalasso,1.0,0.0,CC120319
966,0.0,0.4,0.9,0.6017384053010808,lh,adalasso,2.0,0.0,CC120319
967,0.0,0.4,0.9,0.6017384053010808,rh,adalasso,2.0,0.0,CC120319
968,0.0,0.6,0.9,0.2523664985943863,lh,adalasso,0.0,0.0,CC120319
969,0.0,0.6,0.9,0.2523664985943863,rh,adalasso,1.0,0.0,CC120319
970,0.0,0.2,0.9,0.7611057752051854,lh,adalasso,3.0,0.0,CC120319
971,0.0,0.2,0.9,0.7611057752051854,rh,adalasso,4.0,0.0,CC120319
972,0.0,0.7,0.9,0.24031828344127448,lh,adalasso,0.0,0.0,CC120319
973,0.0,0.7,0.9,0.24031828344127448,rh,adalasso,1.0,0.0,CC120319
974,0.0,0.5,0.9,0.34765786791066344,lh,adalasso,1.0,0.0,CC120319
975,0.0,0.5,0.9,0.34765786791066344,rh,adalasso,1.0,0.0,CC120319
976,0.0,0.1,0.9,0.8504833764225483,lh,adalasso,5.0,0.0,CC120319
977,0.0,0.1,0.9,0.8504833764225483,rh,adalasso,7.0,0.0,CC120319
978,0.0,0.3,0.9,0.6321064219484389,lh,adalasso,2.0,0.0,CC120319
979,0.0,0.3,0.9,0.6321064219484389,rh,adalasso,2.0,0.0,CC120319
980,0.0,0.25,0.9,0.5122680760138874,lh,adalasso,1.0,0.0,CC120376
981,0.0,0.25,0.9,0.5122680760138874,rh,adalasso,2.0,0.0,CC120376
982,0.0,0.15,0.9,0.6906028646711992,lh,adalasso,2.0,0.0,CC120376
983,0.0,0.15,0.9,0.6906028646711992,rh,adalasso,5.0,0.0,CC120376
984,0.0,0.8,0.9,0.0,lh,adalasso,0.0,0.0,CC120376
985,0.0,0.8,0.9,0.0,rh,adalasso,0.0,0.0,CC120376
986,0.0,0.4,0.9,0.3848145775927424,lh,adalasso,0.0,0.0,CC120376
987,0.0,0.4,0.9,0.3848145775927424,rh,adalasso,2.0,0.0,CC120376
988,0.0,0.6,0.9,0.2507628247208957,lh,adalasso,0.0,0.0,CC120376
989,0.0,0.6,0.9,0.2507628247208957,rh,adalasso,1.0,0.0,CC120376
990,0.0,0.2,0.9,0.60579925321723,lh,adalasso,1.0,0.0,CC120376
991,0.0,0.2,0.9,0.60579925321723,rh,adalasso,4.0,0.0,CC120376
992,0.0,0.7,0.9,0.2242357952067715,lh,adalasso,0.0,0.0,CC120376
993,0.0,0.7,0.9,0.2242357952067715,rh,adalasso,1.0,0.0,CC120376
994,0.0,0.5,0.9,0.26678711720352155,lh,adalasso,0.0,0.0,CC120376
995,0.0,0.5,0.9,0.26678711720352155,rh,adalasso,1.0,0.0,CC120376
996,0.0,0.1,0.9,0.7984995063723909,lh,adalasso,5.0,0.0,CC120376
997,0.0,0.1,0.9,0.7984995063723909,rh,adalasso,6.0,0.0,CC120376
998,0.0,0.3,0.9,0.49905954212860537,lh,adalasso,1.0,0.0,CC120376
999,0.0,0.3,0.9,0.49905954212860537,rh,adalasso,2.0,0.0,CC120376
1000,0.0,0.25,0.9,0.6898482455613709,lh,adalasso,1.0,0.0,CC120469
1001,0.0,0.25,0.9,0.6898482455613709,rh,adalasso,3.0,0.0,CC120469
1002,0.0,0.15,0.9,0.7964313977018991,lh,adalasso,2.0,0.0,CC120469
1003,0.0,0.15,0.9,0.7964313977018991,rh,adalasso,5.0,0.0,CC120469
1004,0.0,0.8,0.9,0.2558880681706177,lh,adalasso,0.0,0.0,CC120469
1005,0.0,0.8,0.9,0.2558880681706177,rh,adalasso,1.0,0.0,CC120469
1006,0.0,0.4,0.9,0.6186418314778185,lh,adalasso,1.0,0.0,CC120469
1007,0.0,0.4,0.9,0.6186418314778185,rh,adalasso,2.0,0.0,CC120469
1008,0.0,0.6,0.9,0.4904837432579734,lh,adalasso,1.0,0.0,CC120469
1009,0.0,0.6,0.9,0.4904837432579734,rh,adalasso,1.0,0.0,CC120469
1010,0.0,0.2,0.9,0.7492314167376174,lh,adalasso,1.0,0.0,CC120469
1011,0.0,0.2,0.9,0.7492314167376174,rh,adalasso,4.0,0.0,CC120469
1012,0.0,0.7,0.9,0.2702270613000418,lh,adalasso,0.0,0.0,CC120469
1013,0.0,0.7,0.9,0.2702270613000418,rh,adalasso,1.0,0.0,CC120469
1014,0.0,0.5,0.9,0.5968692395384856,lh,adalasso,1.0,0.0,CC120469
1015,0.0,0.5,0.9,0.5968692395384856,rh,adalasso,2.0,0.0,CC120469
1016,0.0,0.1,0.9,0.8553425569807191,lh,adalasso,3.0,0.0,CC120469
1017,0.0,0.1,0.9,0.8553425569807191,rh,adalasso,6.0,0.0,CC120469
1018,0.0,0.3,0.9,0.6332782878481131,lh,adalasso,1.0,0.0,CC120469
1019,0.0,0.3,0.9,0.6332782878481131,rh,adalasso,2.0,0.0,CC120469
1020,0.0,0.25,0.9,0.7047075919385808,lh,adalasso,1.0,0.0,CC120550
1021,0.0,0.25,0.9,0.7047075919385808,rh,adalasso,5.0,0.0,CC120550
1022,0.0,0.15,0.9,0.8147037087524731,lh,adalasso,3.0,0.0,CC120550
1023,0.0,0.15,0.9,0.8147037087524731,rh,adalasso,6.0,0.0,CC120550
1024,0.0,0.8,0.9,0.18481243977434403,lh,adalasso,1.0,0.0,CC120550
1025,0.0,0.8,0.9,0.18481243977434403,rh,adalasso,0.0,0.0,CC120550
1026,0.0,0.4,0.9,0.48354641127884146,lh,adalasso,1.0,0.0,CC120550
1027,0.0,0.4,0.9,0.48354641127884146,rh,adalasso,2.0,0.0,CC120550
1028,0.0,0.6,0.9,0.21712754119289457,lh,adalasso,1.0,0.0,CC120550
1029,0.0,0.6,0.9,0.21712754119289457,rh,adalasso,0.0,0.0,CC120550
1030,0.0,0.2,0.9,0.7272344962712995,lh,adalasso,1.0,0.0,CC120550
1031,0.0,0.2,0.9,0.7272344962712995,rh,adalasso,5.0,0.0,CC120550
1032,0.0,0.7,0.9,0.20459730056860426,lh,adalasso,1.0,0.0,CC120550
1033,0.0,0.7,0.9,0.20459730056860426,rh,adalasso,0.0,0.0,CC120550
1034,0.0,0.5,0.9,0.4540932571187978,lh,adalasso,1.0,0.0,CC120550
1035,0.0,0.5,0.9,0.4540932571187978,rh,adalasso,2.0,0.0,CC120550
1036,0.0,0.1,0.9,0.8759141315860769,lh,adalasso,5.0,0.0,CC120550
1037,0.0,0.1,0.9,0.8759141315860769,rh,adalasso,7.0,0.0,CC120550
1038,0.0,0.3,0.9,0.6028816990256772,lh,adalasso,1.0,0.0,CC120550
1039,0.0,0.3,0.9,0.6028816990256772,rh,adalasso,4.0,0.0,CC120550
1040,0.0,0.25,0.9,0.6830228519851158,lh,adalasso,2.0,0.0,CC120640
1041,0.0,0.25,0.9,0.6830228519851158,rh,adalasso,2.0,0.0,CC120640
1042,0.0,0.15,0.9,0.8054234544007369,lh,adalasso,3.0,0.0,CC120640
1043,0.0,0.15,0.9,0.8054234544007369,rh,adalasso,5.0,0.0,CC120640
1044,0.0,0.8,0.9,0.3091970293060601,lh,adalasso,1.0,0.0,CC120640
1045,0.0,0.8,0.9,0.3091970293060601,rh,adalasso,0.0,0.0,CC120640
1046,0.0,0.4,0.9,0.5328585145533107,lh,adalasso,2.0,0.0,CC120640
1047,0.0,0.4,0.9,0.5328585145533107,rh,adalasso,0.0,0.0,CC120640
1048,0.0,0.6,0.9,0.49951391554029334,lh,adalasso,2.0,0.0,CC120640
1049,0.0,0.6,0.9,0.49951391554029334,rh,adalasso,0.0,0.0,CC120640
1050,0.0,0.2,0.9,0.755164385648265,lh,adalasso,3.0,0.0,CC120640
1051,0.0,0.2,0.9,0.755164385648265,rh,adalasso,3.0,0.0,CC120640
1052,0.0,0.7,0.9,0.32155956384002815,lh,adalasso,1.0,0.0,CC120640
1053,0.0,0.7,0.9,0.32155956384002815,rh,adalasso,0.0,0.0,CC120640
1054,0.0,0.5,0.9,0.5193386273090843,lh,adalasso,2.0,0.0,CC120640
1055,0.0,0.5,0.9,0.5193386273090843,rh,adalasso,0.0,0.0,CC120640
1056,0.0,0.1,0.9,0.8383305598533648,lh,adalasso,3.0,0.0,CC120640
1057,0.0,0.1,0.9,0.8383305598533648,rh,adalasso,6.0,0.0,CC120640
1058,0.0,0.3,0.9,0.5786923539925524,lh,adalasso,2.0,0.0,CC120640
1059,0.0,0.3,0.9,0.5786923539925524,rh,adalasso,1.0,0.0,CC120640
1060,0.0,0.25,0.9,0.51164218623358,lh,adalasso,1.0,0.0,CC120727
1061,0.0,0.25,0.9,0.51164218623358,rh,adalasso,2.0,0.0,CC120727
1062,0.0,0.15,0.9,0.7276096184581446,lh,adalasso,3.0,0.0,CC120727
1063,0.0,0.15,0.9,0.7276096184581446,rh,adalasso,4.0,0.0,CC120727
1064,0.0,0.8,0.9,0.298450211760773,lh,adalasso,0.0,0.0,CC120727
1065,0.0,0.8,0.9,0.298450211760773,rh,adalasso,1.0,0.0,CC120727
1066,0.0,0.4,0.9,0.359388357207042,lh,adalasso,0.0,0.0,CC120727
1067,0.0,0.4,0.9,0.359388357207042,rh,adalasso,1.0,0.0,CC120727
1068,0.0,0.6,0.9,0.3392735660363556,lh,adalasso,0.0,0.0,CC120727
1069,0.0,0.6,0.9,0.3392735660363556,rh,adalasso,1.0,0.0,CC120727
1070,0.0,0.2,0.9,0.6445958505353908,lh,adalasso,3.0,0.0,CC120727
1071,0.0,0.2,0.9,0.6445958505353908,rh,adalasso,2.0,0.0,CC120727
1072,0.0,0.7,0.9,0.3228250024564018,lh,adalasso,0.0,0.0,CC120727
1073,0.0,0.7,0.9,0.3228250024564018,rh,adalasso,1.0,0.0,CC120727
1074,0.0,0.5,0.9,0.3509892983999633,lh,adalasso,0.0,0.0,CC120727
1075,0.0,0.5,0.9,0.3509892983999633,rh,adalasso,1.0,0.0,CC120727
1076,0.0,0.1,0.9,0.8370736802501234,lh,adalasso,5.0,0.0,CC120727
1077,0.0,0.1,0.9,0.8370736802501234,rh,adalasso,6.0,0.0,CC120727
1078,0.0,0.3,0.9,0.4490464806920741,lh,adalasso,1.0,0.0,CC120727
1079,0.0,0.3,0.9,0.4490464806920741,rh,adalasso,1.0,0.0,CC120727
1080,0.0,0.25,0.9,0.6515903740826484,lh,adalasso,1.0,0.0,CC120795
1081,0.0,0.25,0.9,0.6515903740826484,rh,adalasso,4.0,0.0,CC120795
1082,0.0,0.15,0.9,0.712002852574116,lh,adalasso,1.0,0.0,CC120795
1083,0.0,0.15,0.9,0.712002852574116,rh,adalasso,6.0,0.0,CC120795
1084,0.0,0.8,0.9,0.0,lh,adalasso,0.0,0.0,CC120795
1085,0.0,0.8,0.9,0.0,rh,adalasso,0.0,0.0,CC120795
1086,0.0,0.4,0.9,0.4736876053193596,lh,adalasso,1.0,0.0,CC120795
1087,0.0,0.4,0.9,0.4736876053193596,rh,adalasso,2.0,0.0,CC120795
1088,0.0,0.6,0.9,0.25606332852122893,lh,adalasso,0.0,0.0,CC120795
1089,0.0,0.6,0.9,0.25606332852122893,rh,adalasso,1.0,0.0,CC120795
1090,0.0,0.2,0.9,0.6661781622489549,lh,adalasso,1.0,0.0,CC120795
1091,0.0,0.2,0.9,0.6661781622489549,rh,adalasso,4.0,0.0,CC120795
1092,0.0,0.7,0.9,0.23819779795623275,lh,adalasso,0.0,0.0,CC120795
1093,0.0,0.7,0.9,0.23819779795623275,rh,adalasso,1.0,0.0,CC120795
1094,0.0,0.5,0.9,0.36123979107941784,lh,adalasso,0.0,0.0,CC120795
1095,0.0,0.5,0.9,0.36123979107941784,rh,adalasso,2.0,0.0,CC120795
1096,0.0,0.1,0.9,0.8700730042836765,lh,adalasso,4.0,0.0,CC120795
1097,0.0,0.1,0.9,0.8700730042836765,rh,adalasso,10.0,0.0,CC120795
1098,0.0,0.3,0.9,0.6011146118204597,lh,adalasso,1.0,0.0,CC120795
1099,0.0,0.3,0.9,0.6011146118204597,rh,adalasso,3.0,0.0,CC120795
1100,0.0,0.25,0.9,0.6836246876327168,lh,adalasso,2.0,0.0,CC121106
1101,0.0,0.25,0.9,0.6836246876327168,rh,adalasso,4.0,0.0,CC121106
1102,0.0,0.15,0.9,0.8082701816653369,lh,adalasso,4.0,0.0,CC121106
1103,0.0,0.15,0.9,0.8082701816653369,rh,adalasso,7.0,0.0,CC121106
1104,0.0,0.8,0.9,0.0,lh,adalasso,0.0,0.0,CC121106
1105,0.0,0.8,0.9,0.0,rh,adalasso,0.0,0.0,CC121106
1106,0.0,0.4,0.9,0.4964060620798706,lh,adalasso,1.0,0.0,CC121106
1107,0.0,0.4,0.9,0.4964060620798706,rh,adalasso,2.0,0.0,CC121106
1108,0.0,0.6,0.9,0.40018468079270453,lh,adalasso,1.0,0.0,CC121106
1109,0.0,0.6,0.9,0.40018468079270453,rh,adalasso,1.0,0.0,CC121106
1110,0.0,0.2,0.9,0.7478180580340612,lh,adalasso,3.0,0.0,CC121106
1111,0.0,0.2,0.9,0.7478180580340612,rh,adalasso,5.0,0.0,CC121106
1112,0.0,0.7,0.9,0.37573317478277035,lh,adalasso,1.0,0.0,CC121106
1113,0.0,0.7,0.9,0.37573317478277035,rh,adalasso,1.0,0.0,CC121106
1114,0.0,0.5,0.9,0.4168423121693552,lh,adalasso,1.0,0.0,CC121106
1115,0.0,0.5,0.9,0.4168423121693552,rh,adalasso,1.0,0.0,CC121106
1116,0.0,0.1,0.9,0.8680931202184929,lh,adalasso,5.0,0.0,CC121106
1117,0.0,0.1,0.9,0.8680931202184929,rh,adalasso,8.0,0.0,CC121106
1118,0.0,0.3,0.9,0.6124536161471644,lh,adalasso,1.0,0.0,CC121106
1119,0.0,0.3,0.9,0.6124536161471644,rh,adalasso,4.0,0.0,CC121106
1120,0.0,0.25,0.9,0.582551887840373,lh,adalasso,1.0,0.0,CC121111
1121,0.0,0.25,0.9,0.582551887840373,rh,adalasso,1.0,0.0,CC121111
1122,0.0,0.15,0.9,0.7206788230813534,lh,adalasso,3.0,0.0,CC121111
1123,0.0,0.15,0.9,0.7206788230813534,rh,adalasso,2.0,0.0,CC121111
1124,0.0,0.8,0.9,0.0,lh,adalasso,0.0,0.0,CC121111
1125,0.0,0.8,0.9,0.0,rh,adalasso,0.0,0.0,CC121111
1126,0.0,0.4,0.9,0.5553293545296221,lh,adalasso,1.0,0.0,CC121111
1127,0.0,0.4,0.9,0.5553293545296221,rh,adalasso,1.0,0.0,CC121111
1128,0.0,0.6,0.9,0.3276203292621146,lh,adalasso,0.0,0.0,CC121111
1129,0.0,0.6,0.9,0.3276203292621146,rh,adalasso,1.0,0.0,CC121111
1130,0.0,0.2,0.9,0.674988537771686,lh,adalasso,2.0,0.0,CC121111
1131,0.0,0.2,0.9,0.674988537771686,rh,adalasso,2.0,0.0,CC121111
1132,0.0,0.7,0.9,0.3059833223206685,lh,adalasso,0.0,0.0,CC121111
1133,0.0,0.7,0.9,0.3059833223206685,rh,adalasso,1.0,0.0,CC121111
1134,0.0,0.5,0.9,0.5200506631650779,lh,adalasso,1.0,0.0,CC121111
1135,0.0,0.5,0.9,0.5200506631650779,rh,adalasso,1.0,0.0,CC121111
1136,0.0,0.1,0.9,0.8447320283653905,lh,adalasso,4.0,0.0,CC121111
1137,0.0,0.1,0.9,0.8447320283653905,rh,adalasso,6.0,0.0,CC121111
1138,0.0,0.3,0.9,0.5756594457141803,lh,adalasso,1.0,0.0,CC121111
1139,0.0,0.3,0.9,0.5756594457141803,rh,adalasso,1.0,0.0,CC121111
1140,0.0,0.25,0.9,0.6966537179009283,lh,adalasso,3.0,0.0,CC121144
1141,0.0,0.25,0.9,0.6966537179009283,rh,adalasso,1.0,0.0,CC121144
1142,0.0,0.15,0.9,0.8631077388085318,lh,adalasso,3.0,0.0,CC121144
1143,0.0,0.15,0.9,0.8631077388085318,rh,adalasso,5.0,0.0,CC121144
1144,0.0,0.8,0.9,0.3188158708672101,lh,adalasso,1.0,0.0,CC121144
1145,0.0,0.8,0.9,0.3188158708672101,rh,adalasso,0.0,0.0,CC121144
1146,0.0,0.4,0.9,0.6026625324334376,lh,adalasso,2.0,0.0,CC121144
1147,0.0,0.4,0.9,0.6026625324334376,rh,adalasso,1.0,0.0,CC121144
1148,0.0,0.6,0.9,0.4955227418732985,lh,adalasso,1.0,0.0,CC121144
1149,0.0,0.6,0.9,0.4955227418732985,rh,adalasso,1.0,0.0,CC121144
1150,0.0,0.2,0.9,0.8217188173858266,lh,adalasso,3.0,0.0,CC121144
1151,0.0,0.2,0.9,0.8217188173858266,rh,adalasso,4.0,0.0,CC121144
1152,0.0,0.7,0.9,0.47298842779667916,lh,adalasso,1.0,0.0,CC121144
1153,0.0,0.7,0.9,0.47298842779667916,rh,adalasso,1.0,0.0,CC121144
1154,0.0,0.5,0.9,0.5108764655381476,lh,adalasso,1.0,0.0,CC121144
1155,0.0,0.5,0.9,0.5108764655381476,rh,adalasso,1.0,0.0,CC121144
1156,0.0,0.1,0.9,0.9041811597373518,lh,adalasso,4.0,0.0,CC121144
1157,0.0,0.1,0.9,0.9041811597373518,rh,adalasso,7.0,0.0,CC121144
1158,0.0,0.3,0.9,0.6561435008866869,lh,adalasso,2.0,0.0,CC121144
1159,0.0,0.3,0.9,0.6561435008866869,rh,adalasso,1.0,0.0,CC121144
1160,0.0,0.25,0.9,0.5643579511603454,lh,adalasso,1.0,0.0,CC121411
1161,0.0,0.25,0.9,0.5643579511603454,rh,adalasso,1.0,0.0,CC121411
1162,0.0,0.15,0.9,0.7466624147274848,lh,adalasso,4.0,0.0,CC121411
1163,0.0,0.15,0.9,0.7466624147274848,rh,adalasso,3.0,0.0,CC121411
1164,0.0,0.8,0.9,0.0,lh,adalasso,0.0,0.0,CC121411
1165,0.0,0.8,0.9,0.0,rh,adalasso,0.0,0.0,CC121411
1166,0.0,0.4,0.9,0.5444153702481935,lh,adalasso,1.0,0.0,CC121411
1167,0.0,0.4,0.9,0.5444153702481935,rh,adalasso,1.0,0.0,CC121411
1168,0.0,0.6,0.9,0.29511180792573266,lh,adalasso,1.0,0.0,CC121411
1169,0.0,0.6,0.9,0.29511180792573266,rh,adalasso,0.0,0.0,CC121411
1170,0.0,0.2,0.9,0.6454096043550794,lh,adalasso,2.0,0.0,CC121411
1171,0.0,0.2,0.9,0.6454096043550794,rh,adalasso,2.0,0.0,CC121411
1172,0.0,0.7,0.9,0.2815695298646337,lh,adalasso,1.0,0.0,CC121411
1173,0.0,0.7,0.9,0.2815695298646337,rh,adalasso,0.0,0.0,CC121411
1174,0.0,0.5,0.9,0.5215821953214776,lh,adalasso,1.0,0.0,CC121411
1175,0.0,0.5,0.9,0.5215821953214776,rh,adalasso,1.0,0.0,CC121411
1176,0.0,0.1,0.9,0.8217324043594146,lh,adalasso,5.0,0.0,CC121411
1177,0.0,0.1,0.9,0.8217324043594146,rh,adalasso,5.0,0.0,CC121411
1178,0.0,0.3,0.9,0.5591651159464843,lh,adalasso,1.0,0.0,CC121411
1179,0.0,0.3,0.9,0.5591651159464843,rh,adalasso,1.0,0.0,CC121411
1180,0.0,0.25,0.9,0.7208672324838463,lh,adalasso,1.0,0.0,CC121428
1181,0.0,0.25,0.9,0.7208672324838463,rh,adalasso,3.0,0.0,CC121428
1182,0.0,0.15,0.9,0.8204821210585652,lh,adalasso,3.0,0.0,CC121428
1183,0.0,0.15,0.9,0.8204821210585652,rh,adalasso,4.0,0.0,CC121428
1184,0.0,0.8,0.9,0.3724351492847211,lh,adalasso,0.0,0.0,CC121428
1185,0.0,0.8,0.9,0.3724351492847211,rh,adalasso,1.0,0.0,CC121428
1186,0.0,0.4,0.9,0.6758199578760204,lh,adalasso,1.0,0.0,CC121428
1187,0.0,0.4,0.9,0.6758199578760204,rh,adalasso,3.0,0.0,CC121428
1188,0.0,0.6,0.9,0.3899580061541088,lh,adalasso,0.0,0.0,CC121428
1189,0.0,0.6,0.9,0.3899580061541088,rh,adalasso,1.0,0.0,CC121428
1190,0.0,0.2,0.9,0.7535482242162318,lh,adalasso,2.0,0.0,CC121428
1191,0.0,0.2,0.9,0.7535482242162318,rh,adalasso,3.0,0.0,CC121428
1192,0.0,0.7,0.9,0.38226953564175836,lh,adalasso,0.0,0.0,CC121428
1193,0.0,0.7,0.9,0.38226953564175836,rh,adalasso,1.0,0.0,CC121428
1194,0.0,0.5,0.9,0.3959189681285684,lh,adalasso,0.0,0.0,CC121428
1195,0.0,0.5,0.9,0.3959189681285684,rh,adalasso,1.0,0.0,CC121428
1196,0.0,0.1,0.9,0.8765146571494025,lh,adalasso,4.0,0.0,CC121428
1197,0.0,0.1,0.9,0.8765146571494025,rh,adalasso,6.0,0.0,CC121428
1198,0.0,0.3,0.9,0.7104319019056062,lh,adalasso,1.0,0.0,CC121428
1199,0.0,0.3,0.9,0.7104319019056062,rh,adalasso,3.0,0.0,CC121428
1200,0.0,0.25,0.9,0.7161895671827698,lh,adalasso,5.0,0.0,CC122172
1201,0.0,0.25,0.9,0.7161895671827698,rh,adalasso,4.0,0.0,CC122172
1202,0.0,0.15,0.9,0.8239105378100315,lh,adalasso,6.0,0.0,CC122172
1203,0.0,0.15,0.9,0.8239105378100315,rh,adalasso,5.0,0.0,CC122172
1204,0.0,0.8,0.9,0.0,lh,adalasso,0.0,0.0,CC122172
1205,0.0,0.8,0.9,0.0,rh,adalasso,0.0,0.0,CC122172
1206,0.0,0.4,0.9,0.4512057158956656,lh,adalasso,2.0,0.0,CC122172
1207,0.0,0.4,0.9,0.4512057158956656,rh,adalasso,1.0,0.0,CC122172
1208,0.0,0.6,0.9,0.2078958279261649,lh,adalasso,1.0,0.0,CC122172
1209,0.0,0.6,0.9,0.2078958279261649,rh,adalasso,1.0,0.0,CC122172
1210,0.0,0.2,0.9,0.7896221840048306,lh,adalasso,6.0,0.0,CC122172
1211,0.0,0.2,0.9,0.7896221840048306,rh,adalasso,4.0,0.0,CC122172
1212,0.0,0.7,0.9,0.0,lh,adalasso,0.0,0.0,CC122172
1213,0.0,0.7,0.9,0.0,rh,adalasso,0.0,0.0,CC122172
1214,0.0,0.5,0.9,0.42466666307731915,lh,adalasso,2.0,0.0,CC122172
1215,0.0,0.5,0.9,0.42466666307731915,rh,adalasso,1.0,0.0,CC122172
1216,0.0,0.1,0.9,0.8746934146181156,lh,adalasso,8.0,0.0,CC122172
1217,0.0,0.1,0.9,0.8746934146181156,rh,adalasso,6.0,0.0,CC122172
1218,0.0,0.3,0.9,0.5745480569495657,lh,adalasso,3.0,0.0,CC122172
1219,0.0,0.3,0.9,0.5745480569495657,rh,adalasso,2.0,0.0,CC122172
1220,0.0,0.25,0.9,0.6237005447174415,lh,adalasso,1.0,0.0,CC210519
1221,0.0,0.25,0.9,0.6237005447174415,rh,adalasso,2.0,0.0,CC210519
1222,0.0,0.15,0.9,0.7961308284113374,lh,adalasso,3.0,0.0,CC210519
1223,0.0,0.15,0.9,0.7961308284113374,rh,adalasso,4.0,0.0,CC210519
1224,0.0,0.8,0.9,0.3310812093471951,lh,adalasso,0.0,0.0,CC210519
1225,0.0,0.8,0.9,0.3310812093471951,rh,adalasso,1.0,0.0,CC210519
1226,0.0,0.4,0.9,0.5278177794813188,lh,adalasso,1.0,0.0,CC210519
1227,0.0,0.4,0.9,0.5278177794813188,rh,adalasso,1.0,0.0,CC210519
1228,0.0,0.6,0.9,0.3703847187688146,lh,adalasso,0.0,0.0,CC210519
1229,0.0,0.6,0.9,0.3703847187688146,rh,adalasso,1.0,0.0,CC210519
1230,0.0,0.2,0.9,0.6365571788933748,lh,adalasso,1.0,0.0,CC210519
1231,0.0,0.2,0.9,0.6365571788933748,rh,adalasso,2.0,0.0,CC210519
1232,0.0,0.7,0.9,0.35426544298299545,lh,adalasso,0.0,0.0,CC210519
1233,0.0,0.7,0.9,0.35426544298299545,rh,adalasso,1.0,0.0,CC210519
1234,0.0,0.5,0.9,0.38203056117340173,lh,adalasso,0.0,0.0,CC210519
1235,0.0,0.5,0.9,0.38203056117340173,rh,adalasso,1.0,0.0,CC210519
1236,0.0,0.1,0.9,0.8480317956017998,lh,adalasso,4.0,0.0,CC210519
1237,0.0,0.1,0.9,0.8480317956017998,rh,adalasso,5.0,0.0,CC210519
1238,0.0,0.3,0.9,0.5510409326942316,lh,adalasso,1.0,0.0,CC210519
1239,0.0,0.3,0.9,0.5510409326942316,rh,adalasso,1.0,0.0,CC210519
1240,0.0,0.25,0.9,0.5407729658482043,lh,adalasso,3.0,0.0,CC220526
1241,0.0,0.25,0.9,0.5407729658482043,rh,adalasso,3.0,0.0,CC220526
1242,0.0,0.15,0.9,0.7290562652697001,lh,adalasso,4.0,0.0,CC220526
1243,0.0,0.15,0.9,0.7290562652697001,rh,adalasso,7.0,0.0,CC220526
1244,0.0,0.8,0.9,0.0,lh,adalasso,0.0,0.0,CC220526
1245,0.0,0.8,0.9,0.0,rh,adalasso,0.0,0.0,CC220526
1246,0.0,0.4,0.9,0.3745507326931019,lh,adalasso,2.0,0.0,CC220526
1247,0.0,0.4,0.9,0.3745507326931019,rh,adalasso,2.0,0.0,CC220526
1248,0.0,0.6,0.9,0.15914308227844176,lh,adalasso,1.0,0.0,CC220526
1249,0.0,0.6,0.9,0.15914308227844176,rh,adalasso,0.0,0.0,CC220526
1250,0.0,0.2,0.9,0.6226477177679264,lh,adalasso,3.0,0.0,CC220526
1251,0.0,0.2,0.9,0.6226477177679264,rh,adalasso,5.0,0.0,CC220526
1252,0.0,0.7,0.9,0.1276224894370872,lh,adalasso,1.0,0.0,CC220526
1253,0.0,0.7,0.9,0.1276224894370872,rh,adalasso,0.0,0.0,CC220526
1254,0.0,0.5,0.9,0.173614080777578,lh,adalasso,1.0,0.0,CC220526
1255,0.0,0.5,0.9,0.173614080777578,rh,adalasso,0.0,0.0,CC220526
1256,0.0,0.1,0.9,0.8166040192101157,lh,adalasso,6.0,0.0,CC220526
1257,0.0,0.1,0.9,0.8166040192101157,rh,adalasso,8.0,0.0,CC220526
1258,0.0,0.3,0.9,0.45018511183581733,lh,adalasso,2.0,0.0,CC220526
1259,0.0,0.3,0.9,0.45018511183581733,rh,adalasso,2.0,0.0,CC220526
1260,0.0,0.25,0.9,0.6332520211572843,lh,adalasso,4.0,0.0,CC221373
1261,0.0,0.25,0.9,0.6332520211572843,rh,adalasso,2.0,0.0,CC221373
1262,0.0,0.15,0.9,0.7580794897373597,lh,adalasso,4.0,0.0,CC221373
1263,0.0,0.15,0.9,0.7580794897373597,rh,adalasso,4.0,0.0,CC221373
1264,0.0,0.8,0.9,0.0,lh,adalasso,0.0,0.0,CC221373
1265,0.0,0.8,0.9,0.0,rh,adalasso,0.0,0.0,CC221373
1266,0.0,0.4,0.9,0.3620248142326242,lh,adalasso,1.0,0.0,CC221373
1267,0.0,0.4,0.9,0.3620248142326242,rh,adalasso,1.0,0.0,CC221373
1268,0.0,0.6,0.9,0.21498945196536345,lh,adalasso,0.0,0.0,CC221373
1269,0.0,0.6,0.9,0.21498945196536345,rh,adalasso,1.0,0.0,CC221373
1270,0.0,0.2,0.9,0.6932190160522106,lh,adalasso,4.0,0.0,CC221373
1271,0.0,0.2,0.9,0.6932190160522106,rh,adalasso,3.0,0.0,CC221373
1272,0.0,0.7,0.9,0.19276031059029808,lh,adalasso,0.0,0.0,CC221373
1273,0.0,0.7,0.9,0.19276031059029808,rh,adalasso,1.0,0.0,CC221373
1274,0.0,0.5,0.9,0.3384487756333189,lh,adalasso,1.0,0.0,CC221373
1275,0.0,0.5,0.9,0.3384487756333189,rh,adalasso,1.0,0.0,CC221373
1276,0.0,0.1,0.9,0.8549223939999664,lh,adalasso,6.0,0.0,CC221373
1277,0.0,0.1,0.9,0.8549223939999664,rh,adalasso,6.0,0.0,CC221373
1278,0.0,0.3,0.9,0.5488608430550168,lh,adalasso,2.0,0.0,CC221373
1279,0.0,0.3,0.9,0.5488608430550168,rh,adalasso,2.0,0.0,CC221373
